research_question,description,metric,model_a,model_b,n_samples,median_a,median_b,mean_a,mean_b,std_a,std_b,W_statistic,p_value,significant_0.05
RQ1,Effect of feedback on LLM,ltl_score,LLM_VANILLA,LLM_FEEDBACK,100,1.0,1.0,0.9491666666666666,1.0,0.16452583383772898,0.0,0.0,0.0019337586077164113,True
RQ1,Effect of feedback on LLM,evaluation_time,LLM_VANILLA,LLM_FEEDBACK,100,284.71062791347504,314.2738699913025,315.6106379437447,484.75629368782046,180.31221186697718,647.7235222737979,1884.0,0.027526719487495813,True
RQ2,Feedback LLM vs RL,ltl_score,LLM_FEEDBACK,RL,100,1.0,1.0,1.0,0.9644925079791034,0.0,0.08716443345892239,0.0,1.821529714896801e-05,True
RQ2,Feedback LLM vs RL,evaluation_time,LLM_FEEDBACK,RL,100,314.2738699913025,870.1141035556793,484.75629368782046,870.5592879509926,647.7235222737979,97.54795714012076,501.0,3.4228453616085875e-12,True
