sample_id,iteration,requirement,num_rules,uncovered_situations,stored_legacy,best,worst,exact_legacy,exact_best,exact_worst,diff_stored,diff_exact,best_minus_worst_exact,exact_solver
0,1,goal1,128,0,1.0,1.0,1.0,1.0,1.0,1.0,0.0,0.0,0.0,interval iteration
0,1,goal2,128,0,0.016731057935606183,0.016731057935606183,0.016731057935606183,0.016731399279132,0.016731399279132,0.016731399279132,0.0,0.0,0.0,interval iteration
0,1,goal3,128,0,1.0,1.0,1.0,1.0,1.0,1.0,0.0,0.0,0.0,interval iteration
0,1,seq_1_before_2,128,0,0.9832683122407417,0.9832683122407417,0.9832683122407417,0.9832686007208145,0.9832686007208145,0.9832686007208145,0.0,0.0,0.0,interval iteration
0,1,seq_2_before_3,128,0,0.0,0.0,0.0,0.0,0.0,0.0,0.0,0.0,0.0,interval iteration
0,1,complete_sequence,128,0,0.0,0.0,0.0,0.0,0.0,0.0,0.0,0.0,0.0,interval iteration
0,1,avoid_moving_seg1,128,0,0.9813137341900768,0.9813137341900768,0.9813137341900768,0.981313640625574,0.981313640625574,0.981313640625574,0.0,0.0,0.0,interval iteration
0,1,avoid_moving_seg2,128,0,0.0,0.0,0.0,0.0,0.0,0.0,0.0,0.0,0.0,interval iteration
0,1,avoid_moving_seg3,128,0,1.0,1.0,1.0,1.0,1.0,1.0,0.0,0.0,0.0,interval iteration
0,2,goal1,128,0,1.0,1.0,1.0,1.0,1.0,1.0,0.0,0.0,0.0,interval iteration
0,2,goal2,128,0,0.06319499394349005,0.06319499394349005,0.06319499394349005,0.06319702601293561,0.06319702601293561,0.06319702601293561,0.0,0.0,0.0,interval iteration
0,2,goal3,128,0,1.0,1.0,1.0,1.0,1.0,1.0,0.0,0.0,0.0,interval iteration
0,2,seq_1_before_2,128,0,0.9368020022989128,0.9368020022989128,0.9368020022989128,0.9368029739822407,0.9368029739822407,0.9368029739822407,0.0,0.0,0.0,interval iteration
0,2,seq_2_before_3,128,0,0.0,0.0,0.0,0.0,0.0,0.0,0.0,0.0,0.0,interval iteration
0,2,complete_sequence,128,0,0.0,0.0,0.0,0.0,0.0,0.0,0.0,0.0,0.0,interval iteration
0,2,avoid_moving_seg1,128,0,1.0,1.0,1.0,1.0,1.0,1.0,0.0,0.0,0.0,interval iteration
0,2,avoid_moving_seg2,128,0,0.0,0.0,0.0,0.0,0.0,0.0,0.0,0.0,0.0,interval iteration
0,2,avoid_moving_seg3,128,0,1.0,1.0,1.0,1.0,1.0,1.0,0.0,0.0,0.0,interval iteration
0,3,goal1,128,0,1.0,1.0,1.0,1.0,1.0,1.0,0.0,0.0,0.0,interval iteration
0,3,goal2,128,0,0.06319499394349005,0.06319499394349005,0.06319499394349005,0.06319702601293561,0.06319702601293561,0.06319702601293561,0.0,0.0,0.0,interval iteration
0,3,goal3,128,0,1.0,1.0,1.0,1.0,1.0,1.0,0.0,0.0,0.0,interval iteration
0,3,seq_1_before_2,128,0,0.9368020022989128,0.9368020022989128,0.9368020022989128,0.9368029739822407,0.9368029739822407,0.9368029739822407,0.0,0.0,0.0,interval iteration
0,3,seq_2_before_3,128,0,0.0,0.0,0.0,0.0,0.0,0.0,0.0,0.0,0.0,interval iteration
0,3,complete_sequence,128,0,0.0,0.0,0.0,0.0,0.0,0.0,0.0,0.0,0.0,interval iteration
0,3,avoid_moving_seg1,128,0,1.0,1.0,1.0,1.0,1.0,1.0,0.0,0.0,0.0,interval iteration
0,3,avoid_moving_seg2,128,0,0.0,0.0,0.0,0.0,0.0,0.0,0.0,0.0,0.0,interval iteration
0,3,avoid_moving_seg3,128,0,1.0,1.0,1.0,1.0,1.0,1.0,0.0,0.0,0.0,interval iteration
0,4,goal1,128,0,1.0,1.0,1.0,1.0,1.0,1.0,0.0,0.0,0.0,interval iteration
0,4,goal2,128,0,0.06319499394349005,0.06319499394349005,0.06319499394349005,0.06319702601293561,0.06319702601293561,0.06319702601293561,0.0,0.0,0.0,interval iteration
0,4,goal3,128,0,1.0,1.0,1.0,1.0,1.0,1.0,0.0,0.0,0.0,interval iteration
0,4,seq_1_before_2,128,0,0.9368020022989128,0.9368020022989128,0.9368020022989128,0.9368029739822407,0.9368029739822407,0.9368029739822407,0.0,0.0,0.0,interval iteration
0,4,seq_2_before_3,128,0,0.0,0.0,0.0,0.0,0.0,0.0,0.0,0.0,0.0,interval iteration
0,4,complete_sequence,128,0,0.0,0.0,0.0,0.0,0.0,0.0,0.0,0.0,0.0,interval iteration
0,4,avoid_moving_seg1,128,0,1.0,1.0,1.0,1.0,1.0,1.0,0.0,0.0,0.0,interval iteration
0,4,avoid_moving_seg2,128,0,0.0,0.0,0.0,0.0,0.0,0.0,0.0,0.0,0.0,interval iteration
0,4,avoid_moving_seg3,128,0,1.0,1.0,1.0,1.0,1.0,1.0,0.0,0.0,0.0,interval iteration
0,5,goal1,128,0,1.0,1.0,1.0,1.0,1.0,1.0,0.0,0.0,0.0,interval iteration
0,5,goal2,128,0,0.06319499394349005,0.06319499394349005,0.06319499394349005,0.06319702601293561,0.06319702601293561,0.06319702601293561,0.0,0.0,0.0,interval iteration
0,5,goal3,128,0,1.0,1.0,1.0,1.0,1.0,1.0,0.0,0.0,0.0,interval iteration
0,5,seq_1_before_2,128,0,0.9368020022989128,0.9368020022989128,0.9368020022989128,0.9368029739822407,0.9368029739822407,0.9368029739822407,0.0,0.0,0.0,interval iteration
0,5,seq_2_before_3,128,0,0.0,0.0,0.0,0.0,0.0,0.0,0.0,0.0,0.0,interval iteration
0,5,complete_sequence,128,0,0.0,0.0,0.0,0.0,0.0,0.0,0.0,0.0,0.0,interval iteration
0,5,avoid_moving_seg1,128,0,1.0,1.0,1.0,1.0,1.0,1.0,0.0,0.0,0.0,interval iteration
0,5,avoid_moving_seg2,128,0,0.0,0.0,0.0,0.0,0.0,0.0,0.0,0.0,0.0,interval iteration
0,5,avoid_moving_seg3,128,0,1.0,1.0,1.0,1.0,1.0,1.0,0.0,0.0,0.0,interval iteration
1,1,goal1,128,0,1.0,1.0,1.0,1.0,1.0,1.0,0.0,0.0,0.0,interval iteration
1,1,goal2,128,0,1.0,1.0,1.0,1.0,1.0,1.0,0.0,0.0,0.0,interval iteration
1,1,goal3,128,0,1.0,1.0,1.0,1.0,1.0,1.0,0.0,0.0,0.0,interval iteration
1,1,seq_1_before_2,128,0,0.8789673502078621,0.8789673502078621,0.8789673502078621,0.8789673502078621,0.8789673502078621,0.8789673502078621,0.0,0.0,0.0,interval iteration
1,1,seq_2_before_3,128,0,0.14727381970375936,0.14727381970375938,0.14729077648421285,0.14728903994479225,0.1472890399447922,0.14728903995184883,2.7755575615628914e-17,7.056577544517495e-12,7.056633055668726e-12,interval iteration
1,1,complete_sequence,128,0,0.12739523722452673,0.12739523722452673,0.12739523765388028,0.12739523731667418,0.12739523731667418,0.12739523731667735,0.0,3.164135620181696e-15,3.164135620181696e-15,interval iteration
1,1,avoid_moving_seg1,128,0,0.8807988226618105,0.8807988226618105,0.8807988226618105,0.8807980360185523,0.8807980360185523,0.8807980360185523,0.0,0.0,0.0,interval iteration
1,1,avoid_moving_seg2,128,0,0.9330812986462742,0.9330812986462742,0.9330812986462742,0.9330769014558733,0.9330769014558733,0.9330769014558733,0.0,0.0,0.0,interval iteration
1,1,avoid_moving_seg3,128,0,0.018791777747826588,0.0187917777478267,0.0187917777478267,0.018743020630035412,0.018743020630035634,0.018743020630035634,1.1102230246251565e-16,2.220446049250313e-16,0.0,interval iteration
1,2,goal1,128,0,1.0,1.0,1.0,1.0,1.0,1.0,0.0,0.0,0.0,interval iteration
1,2,goal2,128,0,1.0,1.0,1.0,1.0,1.0,1.0,0.0,0.0,0.0,interval iteration
1,2,goal3,128,0,1.0,1.0,1.0,1.0,1.0,1.0,0.0,0.0,0.0,interval iteration
1,2,seq_1_before_2,128,0,0.8789673301248324,0.8789673301248324,0.8789673301248324,0.8789673502081481,0.8789673502081481,0.8789673502081481,0.0,0.0,0.0,interval iteration
1,2,seq_2_before_3,128,0,0.147448916014203,0.147448916014203,0.1474658720520936,0.1474641539974987,0.14746415399749868,0.147464154004592,0.0,7.093298171056972e-12,7.093325926632588e-12,interval iteration
1,2,complete_sequence,128,0,0.12754669924865975,0.12754669924865975,0.12754669967893906,0.12754669934204227,0.12754669934204227,0.12754669934204577,0.0,3.497202527569243e-15,3.497202527569243e-15,interval iteration
1,2,avoid_moving_seg1,128,0,0.8807988226618105,0.8807988226618105,0.8807988226618105,0.8807980360185523,0.8807980360185523,0.8807980360185523,0.0,0.0,0.0,interval iteration
1,2,avoid_moving_seg2,128,0,0.9519862609419281,0.9519862609419281,0.9519862609419281,0.951983576852839,0.951983576852839,0.951983576852839,0.0,0.0,0.0,interval iteration
1,2,avoid_moving_seg3,128,0,0.03159623592027516,0.03159623592027472,0.03159623592027472,0.031564538903603,0.03156453890360278,0.03156453890360278,4.440892098500626e-16,2.220446049250313e-16,0.0,interval iteration
1,3,goal1,128,0,1.0,1.0,1.0,1.0,1.0,1.0,0.0,0.0,0.0,interval iteration
1,3,goal2,128,0,1.0,1.0,1.0,1.0,1.0,1.0,0.0,0.0,0.0,interval iteration
1,3,goal3,128,0,1.0,1.0,1.0,1.0,1.0,1.0,0.0,0.0,0.0,interval iteration
1,3,seq_1_before_2,128,0,0.926777531901418,0.9267775319014182,0.9267775319014182,0.9267775327158327,0.9267775327158331,0.9267775327158331,2.220446049250313e-16,3.3306690738754696e-16,0.0,interval iteration
1,3,seq_2_before_3,128,0,0.14630084973654053,0.1463008497365405,0.1463180341902922,0.14631618846726296,0.14631618846726296,0.1463161884741463,2.7755575615628914e-17,6.883327241524739e-12,6.883327241524739e-12,interval iteration
1,3,complete_sequence,128,0,0.12652882254356174,0.1265288225435617,0.12652926406307963,0.12652924680087452,0.12652924680087452,0.12652924681935995,2.7755575615628914e-17,1.848543540461378e-11,1.848543540461378e-11,interval iteration
1,3,avoid_moving_seg1,128,0,0.9285359173599638,0.9285359173599638,0.9285359173599638,0.9285354898247739,0.9285354898247739,0.9285354898247739,0.0,0.0,0.0,interval iteration
1,3,avoid_moving_seg2,128,0,0.8865475940339153,0.8865475940339153,0.8865475940339153,0.8865446577964029,0.8865446577964029,0.8865446577964029,0.0,0.0,0.0,interval iteration
1,3,avoid_moving_seg3,128,0,0.028509994070520128,0.028509994070519795,0.028509994070519795,0.028490553998186785,0.028490553998186785,0.028490553998186785,3.3306690738754696e-16,0.0,0.0,interval iteration
1,4,goal1,128,0,1.0,1.0,1.0,1.0,1.0,1.0,0.0,0.0,0.0,interval iteration
1,4,goal2,128,0,1.0,1.0,1.0,1.0,1.0,1.0,0.0,0.0,0.0,interval iteration
1,4,goal3,128,0,1.0,1.0,1.0,1.0,1.0,1.0,0.0,0.0,0.0,interval iteration
1,4,seq_1_before_2,128,0,0.9267811205826239,0.9267811205826243,0.9267811205826243,0.9267811205826244,0.9267811205826246,0.9267811205826246,4.440892098500626e-16,2.220446049250313e-16,0.0,interval iteration
1,4,seq_2_before_3,128,0,0.1425995965214062,0.14259959652140627,0.14261671102784923,0.14261447788323073,0.14261447788323078,0.14261447788932946,8.326672684688674e-17,6.098732630022141e-12,6.09867711887091e-12,interval iteration
1,4,complete_sequence,128,0,0.12333517792528692,0.1233351779252869,0.12333838408895614,0.12333797375775052,0.12333797375775052,0.12333797376737798,1.3877787807814457e-17,9.627465491490739e-12,9.627465491490739e-12,interval iteration
1,4,avoid_moving_seg1,128,0,0.9285294195662717,0.9285294195662717,0.9285294195662717,0.9285289992111871,0.9285289992111871,0.9285289992111871,0.0,0.0,0.0,interval iteration
1,4,avoid_moving_seg2,128,0,0.7449954893690922,0.7449954893690922,0.7449954893690922,0.7449848690578544,0.7449848690578544,0.7449848690578544,0.0,0.0,0.0,interval iteration
1,4,avoid_moving_seg3,128,0,0.05360582556536331,0.05360582556536353,0.05360582556536353,0.05356907752811679,0.05356907752811679,0.05356907752811679,2.220446049250313e-16,0.0,0.0,interval iteration
1,5,goal1,128,0,1.0,1.0,1.0,1.0,1.0,1.0,0.0,0.0,0.0,interval iteration
1,5,goal2,128,0,1.0,1.0,1.0,1.0,1.0,1.0,0.0,0.0,0.0,interval iteration
1,5,goal3,128,0,1.0,1.0,1.0,1.0,1.0,1.0,0.0,0.0,0.0,interval iteration
1,5,seq_1_before_2,128,0,0.9267775327158325,0.9267775327158325,0.9267775327158325,0.9267775327158327,0.9267775327158331,0.9267775327158331,0.0,3.3306690738754696e-16,0.0,interval iteration
1,5,seq_2_before_3,128,0,0.14260993482787998,0.1426099348278801,0.14262711644213677,0.142624882319115,0.14262488231911502,0.1426248823252253,1.1102230246251565e-16,6.1103067050538584e-12,6.110278949478243e-12,interval iteration
1,5,complete_sequence,128,0,0.12333433540674343,0.12333433540674343,0.1233375415432224,0.12333713121549661,0.12333713121549661,0.12333713122512391,0.0,9.627298958037045e-12,9.627298958037045e-12,interval iteration
1,5,avoid_moving_seg1,128,0,0.9285359173599638,0.9285359173599638,0.9285359173599638,0.9285354898247739,0.9285354898247739,0.9285354898247739,0.0,0.0,0.0,interval iteration
1,5,avoid_moving_seg2,128,0,0.7449955360236625,0.7449955360236626,0.7449955360236626,0.7449848713793275,0.7449848713793275,0.7449848713793275,1.1102230246251565e-16,0.0,0.0,interval iteration
1,5,avoid_moving_seg3,128,0,0.006859564933281548,0.006859564933281659,0.006859564933281659,0.006838510518307972,0.006838510518307972,0.006838510518307972,1.1102230246251565e-16,0.0,0.0,interval iteration
2,1,goal1,128,0,1.0,1.0,1.0,1.0,1.0,1.0,0.0,0.0,0.0,interval iteration
2,1,goal2,128,0,1.0,1.0,1.0,1.0,1.0,1.0,0.0,0.0,0.0,interval iteration
2,1,goal3,128,0,0.9848958594089308,0.9848958594089308,0.9848958594089308,0.9849335625760023,0.9849335625760023,0.9849335625760023,0.0,0.0,0.0,interval iteration
2,1,seq_1_before_2,128,0,0.03103503451581997,0.03103503451581997,0.03103503451581997,0.0310350360019252,0.0310350360019252,0.0310350360019252,0.0,0.0,0.0,interval iteration
2,1,seq_2_before_3,128,0,0.01878692599574847,0.01878692599574847,0.018825028914437936,0.018787542680165983,0.018787542680165987,0.0187875431360367,0.0,4.558707161761433e-10,4.558707127066963e-10,interval iteration
2,1,complete_sequence,128,0,0.0036455024028343008,0.0036455024028343008,0.003645897639311446,0.0036455340174990107,0.0036455340174990107,0.003645534025352948,0.0,7.853937118718068e-12,7.853937118718068e-12,interval iteration
2,1,avoid_moving_seg1,128,0,0.62389905094551,0.62389905094551,0.62389905094551,0.6238568361463943,0.6238568361463945,0.6238568361463945,0.0,2.220446049250313e-16,0.0,interval iteration
2,1,avoid_moving_seg2,128,0,0.35649973143892744,0.3564997314389273,0.3564997314389273,0.35639470304818976,0.35639470304818954,0.35639470304818954,1.1102230246251565e-16,2.220446049250313e-16,0.0,interval iteration
2,1,avoid_moving_seg3,128,0,0.38454814889762623,0.38454814889762623,0.38454814889762623,0.38446577578267926,0.3844657757826795,0.3844657757826795,0.0,2.220446049250313e-16,0.0,interval iteration
2,2,goal1,128,0,1.0,1.0,1.0,1.0,1.0,1.0,0.0,0.0,0.0,interval iteration
2,2,goal2,128,0,1.0,1.0,1.0,1.0,1.0,1.0,0.0,0.0,0.0,interval iteration
2,2,goal3,128,0,0.9106432981651855,0.9106432981651855,0.9106432981651855,0.9106495250855333,0.9106495250855331,0.9106495250855331,0.0,2.220446049250313e-16,0.0,interval iteration
2,2,seq_1_before_2,128,0,0.131933973074426,0.131933973074426,0.131933973074426,0.13193575041541272,0.13193575041541267,0.13193575041541267,0.0,5.551115123125783e-17,0.0,interval iteration
2,2,seq_2_before_3,128,0,0.11141711887821255,0.11141711887821254,0.11142548037429822,0.11141823801510148,0.11141823801510146,0.11141823812294027,1.3877787807814457e-17,1.0783879345055425e-10,1.0783880732834206e-10,interval iteration
2,2,complete_sequence,128,0,0.0202149618359107,0.02021496183591069,0.020216048690071542,0.020215107521093314,0.020215107521093314,0.02021510753488509,6.938893903907228e-18,1.3791776748428575e-11,1.3791776748428575e-11,interval iteration
2,2,avoid_moving_seg1,128,0,0.3668736169442409,0.3668736169442409,0.3668736169442409,0.36687067102888626,0.36687067102888626,0.36687067102888626,0.0,0.0,0.0,interval iteration
2,2,avoid_moving_seg2,128,0,0.33460565457699465,0.33460565457699465,0.33460565457699465,0.33459707601865407,0.3345970760186543,0.3345970760186543,0.0,2.220446049250313e-16,0.0,interval iteration
2,2,avoid_moving_seg3,128,0,0.38735254264248564,0.38735254264248586,0.38735254264248586,0.387345061235022,0.387345061235022,0.387345061235022,2.220446049250313e-16,0.0,0.0,interval iteration
2,3,goal1,128,0,1.0,1.0,1.0,1.0,1.0,1.0,0.0,0.0,0.0,interval iteration
2,3,goal2,128,0,1.0,1.0,1.0,1.0,1.0,1.0,0.0,0.0,0.0,interval iteration
2,3,goal3,128,0,0.9958303196251472,0.9958303196251472,0.9958303196251472,0.9960379576547016,0.9960379576547013,0.9960379576547013,0.0,3.3306690738754696e-16,0.0,interval iteration
2,3,seq_1_before_2,128,0,0.11732097495506971,0.11732097495506971,0.11732097495506971,0.11732204086999906,0.11732204086999908,0.11732204086999908,0.0,1.3877787807814457e-17,0.0,interval iteration
2,3,seq_2_before_3,128,0,0.13169527848586626,0.1316952784858664,0.1319049195512081,0.13176196261843925,0.1317619626184393,0.13176196264225104,1.3877787807814457e-16,2.38117858764042e-11,2.381173036525297e-11,interval iteration
2,3,complete_sequence,128,0,0.022230250426460853,0.022230250426460853,0.022265204754707058,0.022241368949708927,0.022241368949708927,0.02224136895367934,0.0,3.970414275134004e-12,3.970414275134004e-12,interval iteration
2,3,avoid_moving_seg1,128,0,0.5172401508132506,0.5172401508132505,0.5172401508132505,0.5172372298578465,0.5172372298578465,0.5172372298578465,1.1102230246251565e-16,0.0,0.0,interval iteration
2,3,avoid_moving_seg2,128,0,0.09966279792444488,0.09966279792444477,0.09966279792444477,0.09964547894063247,0.09964547894063247,0.09964547894063247,1.1102230246251565e-16,0.0,0.0,interval iteration
2,3,avoid_moving_seg3,128,0,0.9049415378025012,0.9049415378025014,0.9049415378025014,0.9048960935638102,0.9048960935638103,0.9048960935638103,2.220446049250313e-16,1.1102230246251565e-16,0.0,interval iteration
2,4,goal1,128,0,1.0,1.0,1.0,1.0,1.0,1.0,0.0,0.0,0.0,interval iteration
2,4,goal2,128,0,1.0,1.0,1.0,1.0,1.0,1.0,0.0,0.0,0.0,interval iteration
2,4,goal3,128,0,0.9975201684649018,0.9975201684649018,0.9975201684649018,0.9975223038088866,0.9975223038088867,0.9975223038088867,0.0,1.1102230246251565e-16,0.0,interval iteration
2,4,seq_1_before_2,128,0,0.04710350749520225,0.04710350749520225,0.04710350749520225,0.047103885925873085,0.047103885925873085,0.047103885925873085,0.0,0.0,0.0,interval iteration
2,4,seq_2_before_3,128,0,0.028562578991760013,0.02856257899176001,0.02856452366013318,0.028562835375797676,0.028562835375797676,0.028562835401561015,3.469446951953614e-18,2.5763339378537253e-11,2.5763339378537253e-11,interval iteration
2,4,complete_sequence,128,0,0.00739289077104087,0.007392890771040868,0.007393188444699161,0.007392934549928199,0.007392934549928199,0.007392934553755781,1.734723475976807e-18,3.827582348292502e-12,3.827582348292502e-12,interval iteration
2,4,avoid_moving_seg1,128,0,0.18535566814014393,0.18535566814014415,0.18535566814014415,0.18534198838449323,0.18534198838449323,0.18534198838449323,2.220446049250313e-16,0.0,0.0,interval iteration
2,4,avoid_moving_seg2,128,0,0.3178858856950686,0.3178858856950685,0.3178858856950685,0.31782835629389194,0.31782835629389217,0.31782835629389217,1.1102230246251565e-16,2.220446049250313e-16,0.0,interval iteration
2,4,avoid_moving_seg3,128,0,0.8923969033771234,0.8923969033771234,0.8923969033771234,0.8923887734357292,0.8923887734357292,0.8923887734357292,0.0,0.0,0.0,interval iteration
2,5,goal1,128,0,1.0,1.0,1.0,1.0,1.0,1.0,0.0,0.0,0.0,interval iteration
2,5,goal2,128,0,1.0,1.0,1.0,1.0,1.0,1.0,0.0,0.0,0.0,interval iteration
2,5,goal3,128,0,0.9914964808192466,0.9914964808192464,0.9914964808192464,0.9915107362339026,0.9915107362339026,0.9915107362339026,2.220446049250313e-16,0.0,0.0,interval iteration
2,5,seq_1_before_2,128,0,0.14661301588083347,0.14661301588083347,0.14661301588083347,0.14661311349993683,0.1466131134999368,0.1466131134999368,0.0,2.7755575615628914e-17,0.0,interval iteration
2,5,seq_2_before_3,128,0,0.09786251011232902,0.09786251011232902,0.09787695379176675,0.09786407179487085,0.09786407179487086,0.09786407206260295,0.0,2.677321003785593e-10,2.677320865007715e-10,interval iteration
2,5,complete_sequence,128,0,0.015091955965800239,0.015091955965800239,0.015093371825180224,0.015092109051575413,0.015092109051575415,0.015092109077820326,0.0,2.6244912493256223e-11,2.6244910758532747e-11,interval iteration
2,5,avoid_moving_seg1,128,0,0.6073191791037006,0.6073191791037006,0.6073191791037006,0.6073179842981864,0.6073179842981864,0.6073179842981864,0.0,0.0,0.0,interval iteration
2,5,avoid_moving_seg2,128,0,0.383179258957116,0.383179258957116,0.383179258957116,0.38317163910262975,0.38317163910262986,0.38317163910262986,0.0,1.1102230246251565e-16,0.0,interval iteration
2,5,avoid_moving_seg3,128,0,0.894399783447579,0.894399783447579,0.894399783447579,0.8943979726557401,0.8943979726557401,0.8943979726557401,0.0,0.0,0.0,interval iteration
3,1,goal1,128,0,1.0,1.0,1.0,1.0,1.0,1.0,0.0,0.0,0.0,interval iteration
3,1,goal2,128,0,1.0,1.0,1.0,1.0,1.0,1.0,0.0,0.0,0.0,interval iteration
3,1,goal3,128,0,1.0,1.0,1.0,1.0,1.0,1.0,0.0,0.0,0.0,interval iteration
3,1,seq_1_before_2,128,0,0.10081174981734206,0.10081174981734206,0.10081174981734206,0.10081174981734212,0.10081174981734212,0.10081174981734212,0.0,0.0,0.0,interval iteration
3,1,seq_2_before_3,128,0,0.17791214208976314,0.17791214208976314,0.17791886937762558,0.1779133305367172,0.1779133305367172,0.17791333068082493,0.0,1.4410772575246256e-10,1.4410772575246256e-10,interval iteration
3,1,complete_sequence,128,0,0.02199613324486896,0.02199613324486896,0.021996497926372593,0.021996211977992945,0.021996211977992945,0.02199621198523205,0.0,7.239105148659775e-12,7.239105148659775e-12,interval iteration
3,1,avoid_moving_seg1,128,0,0.9426585964369489,0.9426585964369489,0.9426585964369489,0.9426585257174315,0.9426585257174315,0.9426585257174315,0.0,0.0,0.0,interval iteration
3,1,avoid_moving_seg2,128,0,0.9929771949290999,0.9929771949290999,0.9929771949290999,0.9929770039091237,0.9929770039091237,0.9929770039091237,0.0,0.0,0.0,interval iteration
3,1,avoid_moving_seg3,128,0,1.0,1.0,1.0,1.0,1.0,1.0,0.0,0.0,0.0,interval iteration
3,2,goal1,128,0,1.0,1.0,1.0,1.0,1.0,1.0,0.0,0.0,0.0,interval iteration
3,2,goal2,128,0,0.999919610628813,0.999919610628813,0.999919610628813,0.9999205580655302,0.9999205580655302,0.9999205580655302,0.0,0.0,0.0,interval iteration
3,2,goal3,128,0,1.0,1.0,1.0,1.0,1.0,1.0,0.0,0.0,0.0,interval iteration
3,2,seq_1_before_2,128,0,0.09962983293571759,0.09962983293571759,0.09962983293571759,0.09962983293571762,0.09962983293571762,0.09962983293571762,0.0,0.0,0.0,interval iteration
3,2,seq_2_before_3,128,0,0.7153471613835207,0.7153471613835207,0.715361546533062,0.715359365757297,0.715359365757297,0.715359365994288,0.0,2.369909823940475e-10,2.369909823940475e-10,interval iteration
3,2,complete_sequence,128,0,0.08744654368603337,0.08744654368603338,0.08744821583675155,0.0874480350092309,0.0874480350092309,0.08744803504022669,1.3877787807814457e-17,3.099578926857305e-11,3.099578926857305e-11,interval iteration
3,2,avoid_moving_seg1,128,0,0.8066316379202744,0.8066316379202744,0.8066316379202744,0.8066312475309214,0.8066312475309214,0.8066312475309214,0.0,0.0,0.0,interval iteration
3,2,avoid_moving_seg2,128,0,0.999159080278985,0.999159080278985,0.999159080278985,0.9991590701650178,0.9991590701650178,0.9991590701650178,0.0,0.0,0.0,interval iteration
3,2,avoid_moving_seg3,128,0,1.0,1.0,1.0,1.0,1.0,1.0,0.0,0.0,0.0,interval iteration
3,3,goal1,128,0,1.0,1.0,1.0,1.0,1.0,1.0,0.0,0.0,0.0,interval iteration
3,3,goal2,128,0,1.0,1.0,1.0,1.0,1.0,1.0,0.0,0.0,0.0,interval iteration
3,3,goal3,128,0,1.0,1.0,1.0,1.0,1.0,1.0,0.0,0.0,0.0,interval iteration
3,3,seq_1_before_2,128,0,0.1725272132779067,0.1725272132779067,0.1725272132779067,0.1725272132779067,0.1725272132779067,0.1725272132779067,0.0,0.0,0.0,interval iteration
3,3,seq_2_before_3,128,0,0.7668129565569374,0.7668129565569374,0.766825419683735,0.766824421971009,0.7668244219710091,0.7668244222025883,0.0,2.3157931128281461e-10,2.3157920026051215e-10,interval iteration
3,3,complete_sequence,128,0,0.15185542078617786,0.1518554207861778,0.15185789933249816,0.15185770091617934,0.15185770091617934,0.15185770096230666,5.551115123125783e-17,4.612732418252108e-11,4.612732418252108e-11,interval iteration
3,3,avoid_moving_seg1,128,0,0.3604037526887587,0.3604037526887587,0.3604037526887587,0.3604033332595694,0.3604033332595693,0.3604033332595693,0.0,1.1102230246251565e-16,0.0,interval iteration
3,3,avoid_moving_seg2,128,0,1.0,1.0,1.0,1.0,1.0,1.0,0.0,0.0,0.0,interval iteration
3,3,avoid_moving_seg3,128,0,1.0,1.0,1.0,1.0,1.0,1.0,0.0,0.0,0.0,interval iteration
3,4,goal1,128,0,1.0,1.0,1.0,1.0,1.0,1.0,0.0,0.0,0.0,interval iteration
3,4,goal2,128,0,0.9999203187121031,0.9999203187121031,0.9999203187121031,0.999920558081609,0.9999205580816088,0.9999205580816088,0.0,1.1102230246251565e-16,0.0,interval iteration
3,4,goal3,128,0,1.0,1.0,1.0,1.0,1.0,1.0,0.0,0.0,0.0,interval iteration
3,4,seq_1_before_2,128,0,0.09962983293571759,0.09962983293571759,0.09962983293571759,0.09962983293571762,0.09962983293571762,0.09962983293571762,0.0,0.0,0.0,interval iteration
3,4,seq_2_before_3,128,0,0.7153471613835207,0.7153471613835207,0.715361546533062,0.715359365757297,0.715359365757297,0.715359365994288,0.0,2.369909823940475e-10,2.369909823940475e-10,interval iteration
3,4,complete_sequence,128,0,0.08744654368603337,0.08744654368603338,0.08744821583675155,0.0874480350092309,0.0874480350092309,0.08744803504022669,1.3877787807814457e-17,3.099578926857305e-11,3.099578926857305e-11,interval iteration
3,4,avoid_moving_seg1,128,0,0.8066316379202744,0.8066316379202744,0.8066316379202744,0.8066312475309214,0.8066312475309214,0.8066312475309214,0.0,0.0,0.0,interval iteration
3,4,avoid_moving_seg2,128,0,0.999159080278985,0.999159080278985,0.999159080278985,0.9991590701650178,0.9991590701650178,0.9991590701650178,0.0,0.0,0.0,interval iteration
3,4,avoid_moving_seg3,128,0,1.0,1.0,1.0,1.0,1.0,1.0,0.0,0.0,0.0,interval iteration
3,5,goal1,128,0,1.0,1.0,1.0,1.0,1.0,1.0,0.0,0.0,0.0,interval iteration
3,5,goal2,128,0,1.0,1.0,1.0,1.0,1.0,1.0,0.0,0.0,0.0,interval iteration
3,5,goal3,128,0,1.0,1.0,1.0,1.0,1.0,1.0,0.0,0.0,0.0,interval iteration
3,5,seq_1_before_2,128,0,0.09962983293346112,0.0996298329334611,0.0996298329334611,0.09962983293571762,0.09962983293571762,0.09962983293571762,1.3877787807814457e-17,0.0,0.0,interval iteration
3,5,seq_2_before_3,128,0,0.7153471613835207,0.7153471613835207,0.715361546533062,0.715359365757297,0.715359365757297,0.715359365994288,0.0,2.369909823940475e-10,2.369909823940475e-10,interval iteration
3,5,complete_sequence,128,0,0.08744654368603337,0.08744654368603338,0.08744821583675155,0.0874480350092309,0.0874480350092309,0.08744803504022669,1.3877787807814457e-17,3.099578926857305e-11,3.099578926857305e-11,interval iteration
3,5,avoid_moving_seg1,128,0,0.8066316379202744,0.8066316379202744,0.8066316379202744,0.8066312475309214,0.8066312475309214,0.8066312475309214,0.0,0.0,0.0,interval iteration
3,5,avoid_moving_seg2,128,0,1.0,1.0,1.0,1.0,1.0,1.0,0.0,0.0,0.0,interval iteration
3,5,avoid_moving_seg3,128,0,1.0,1.0,1.0,1.0,1.0,1.0,0.0,0.0,0.0,interval iteration
4,1,goal1,200,0,0.026019392756063596,0.026019392756063596,0.026019392756063596,0.026019459674314946,0.02601945967431495,0.02601945967431495,0.0,3.469446951953614e-18,0.0,interval iteration
4,1,goal2,200,0,0.9739802909995064,0.9739802909995064,0.9739802909995064,0.973980540322864,0.973980540322864,0.973980540322864,0.0,0.0,0.0,interval iteration
4,1,goal3,200,0,0.004175041970079859,0.004175041970079859,0.004175041970079859,0.004175042524237463,0.004175042524237463,0.004175042524237463,0.0,0.0,0.0,interval iteration
4,1,seq_1_before_2,200,0,0.026019392756063596,0.026019392756063596,0.026019392756063596,0.026019459674314946,0.02601945967431495,0.02601945967431495,0.0,3.469446951953614e-18,0.0,interval iteration
4,1,seq_2_before_3,200,0,0.0,0.0,0.0,0.0,0.0,0.0,0.0,0.0,0.0,interval iteration
4,1,complete_sequence,200,0,0.0,0.0,0.0,0.0,0.0,0.0,0.0,0.0,0.0,interval iteration
4,1,avoid_moving_seg1,200,0,0.9915702186890369,0.9915702186890369,0.9915702186890369,0.9915701997977345,0.9915701997977345,0.9915701997977345,0.0,0.0,0.0,interval iteration
4,1,avoid_moving_seg2,200,0,0.9739806072439364,0.9739806072439364,0.9739806072439364,0.973980540325685,0.973980540325685,0.973980540325685,0.0,0.0,0.0,interval iteration
4,1,avoid_moving_seg3,200,0,1.0,1.0,1.0,1.0,1.0,1.0,0.0,0.0,0.0,interval iteration
4,2,goal1,200,0,1.0,1.0,1.0,1.0,1.0,1.0,0.0,0.0,0.0,interval iteration
4,2,goal2,200,0,0.9673810141261603,0.9673810141261603,0.9673810141261603,0.967381046566612,0.967381046566612,0.967381046566612,0.0,0.0,0.0,interval iteration
4,2,goal3,200,0,0.004175041970079859,0.004175041970079859,0.004175041970079859,0.004175042524237463,0.004175042524237463,0.004175042524237463,0.0,0.0,0.0,interval iteration
4,2,seq_1_before_2,200,0,0.03261880521441973,0.03261880521441973,0.03261880521441973,0.03261895342733708,0.03261895342733709,0.03261895342733709,0.0,6.938893903907228e-18,0.0,interval iteration
4,2,seq_2_before_3,200,0,0.0,0.0,0.0,0.0,0.0,0.0,0.0,0.0,0.0,interval iteration
4,2,complete_sequence,200,0,0.0,0.0,0.0,0.0,0.0,0.0,0.0,0.0,0.0,interval iteration
4,2,avoid_moving_seg1,200,0,0.9908983698327595,0.9908983698327595,0.9908983698327595,0.9908983558798614,0.9908983558798614,0.9908983558798614,0.0,0.0,0.0,interval iteration
4,2,avoid_moving_seg2,200,0,0.0,0.0,0.0,0.0,0.0,0.0,0.0,0.0,0.0,interval iteration
4,2,avoid_moving_seg3,200,0,1.0,1.0,1.0,1.0,1.0,1.0,0.0,0.0,0.0,interval iteration
4,3,goal1,200,0,1.0,1.0,1.0,1.0,1.0,1.0,0.0,0.0,0.0,interval iteration
4,3,goal2,200,0,0.9673810141261603,0.9673810141261603,0.9673810141261603,0.967381046566612,0.967381046566612,0.967381046566612,0.0,0.0,0.0,interval iteration
4,3,goal3,200,0,0.004175041970079859,0.004175041970079859,0.004175041970079859,0.004175042524237463,0.004175042524237463,0.004175042524237463,0.0,0.0,0.0,interval iteration
4,3,seq_1_before_2,200,0,0.03261880521441973,0.03261880521441973,0.03261880521441973,0.03261895342733708,0.03261895342733709,0.03261895342733709,0.0,6.938893903907228e-18,0.0,interval iteration
4,3,seq_2_before_3,200,0,0.0,0.0,0.0,0.0,0.0,0.0,0.0,0.0,0.0,interval iteration
4,3,complete_sequence,200,0,0.0,0.0,0.0,0.0,0.0,0.0,0.0,0.0,0.0,interval iteration
4,3,avoid_moving_seg1,200,0,0.9908983698327595,0.9908983698327595,0.9908983698327595,0.9908983558798614,0.9908983558798614,0.9908983558798614,0.0,0.0,0.0,interval iteration
4,3,avoid_moving_seg2,200,0,0.0,0.0,0.0,0.0,0.0,0.0,0.0,0.0,0.0,interval iteration
4,3,avoid_moving_seg3,200,0,1.0,1.0,1.0,1.0,1.0,1.0,0.0,0.0,0.0,interval iteration
4,4,goal1,200,0,1.0,1.0,1.0,1.0,1.0,1.0,0.0,0.0,0.0,interval iteration
4,4,goal2,200,0,1.0,1.0,1.0,1.0,1.0,1.0,0.0,0.0,0.0,interval iteration
4,4,goal3,200,0,0.004175041970079859,0.004175041970079859,0.004175041970079859,0.004175042524237463,0.004175042524237463,0.004175042524237463,0.0,0.0,0.0,interval iteration
4,4,seq_1_before_2,200,0,0.02821532622037646,0.02821532622037646,0.02821532622037646,0.028215511641657923,0.028215511641657923,0.028215511641657923,0.0,0.0,0.0,interval iteration
4,4,seq_2_before_3,200,0,0.9958247794091097,0.9958247794091097,0.9958249580299201,0.995824957021538,0.995824957021538,0.9958249574757625,0.0,4.5422454686416813e-10,4.5422454686416813e-10,interval iteration
4,4,complete_sequence,200,0,0.025987109451052457,0.025987109451052457,0.025987392838921042,0.025987294617975824,0.025987294617975824,0.02598729461852134,0.0,5.455150220434746e-13,5.455150220434746e-13,interval iteration
4,4,avoid_moving_seg1,200,0,0.9883968684460029,0.9883968684460029,0.9883968684460029,0.9883968499071514,0.9883968499071514,0.9883968499071514,0.0,0.0,0.0,interval iteration
4,4,avoid_moving_seg2,200,0,0.04913783762033608,0.04913783762033597,0.04913783762033597,0.03534427143131369,0.03534427143131047,0.03534427143131047,1.1102230246251565e-16,3.219646771412954e-15,0.0,interval iteration
4,4,avoid_moving_seg3,200,0,0.0,0.0,0.0,0.0,0.0,0.0,0.0,0.0,0.0,interval iteration
4,5,goal1,200,0,1.0,1.0,1.0,1.0,1.0,1.0,0.0,0.0,0.0,interval iteration
4,5,goal2,200,0,1.0,1.0,1.0,1.0,1.0,1.0,0.0,0.0,0.0,interval iteration
4,5,goal3,200,0,0.004175041970079859,0.004175041970079859,0.004175041970079859,0.004175042524237463,0.004175042524237463,0.004175042524237463,0.0,0.0,0.0,interval iteration
4,5,seq_1_before_2,200,0,0.032618923313056034,0.032618923313056034,0.032618923313056034,0.03261895343504917,0.03261895343504917,0.03261895343504917,0.0,0.0,0.0,interval iteration
4,5,seq_2_before_3,200,0,0.9958247794091097,0.9958247794091097,0.9958249580299201,0.995824957021538,0.995824957021538,0.9958249574757625,0.0,4.5422454686416813e-10,4.5422454686416813e-10,interval iteration
4,5,complete_sequence,200,0,0.02986092933466876,0.029860929334668752,0.02986115873052264,0.02986113256892612,0.02986113256892612,0.029861132578256733,6.938893903907228e-18,9.330612671387684e-12,9.330612671387684e-12,interval iteration
4,5,avoid_moving_seg1,200,0,0.9908983698327595,0.9908983698327595,0.9908983698327595,0.9908983558798614,0.9908983558798614,0.9908983558798614,0.0,0.0,0.0,interval iteration
4,5,avoid_moving_seg2,200,0,0.04907720312088748,0.04907720312088726,0.04907720312088726,0.03534417213630592,0.03534417213630281,0.03534417213630281,2.220446049250313e-16,3.1086244689504383e-15,0.0,interval iteration
4,5,avoid_moving_seg3,200,0,0.0,0.0,0.0,0.0,0.0,0.0,0.0,0.0,0.0,interval iteration
5,1,goal1,200,0,0.7782635219582019,0.7782635219582019,0.7782635219582019,0.7782635219582029,0.7782635219582029,0.7782635219582029,0.0,0.0,0.0,interval iteration
5,1,goal2,200,0,0.9097389800949676,0.9097389800949676,0.9097389800949676,0.9097417709366216,0.9097417709366216,0.9097417709366216,0.0,0.0,0.0,interval iteration
5,1,goal3,200,0,0.4724048410842785,0.4724048410842785,0.4724048410842785,0.4724048882353674,0.4724048882353674,0.4724048882353674,0.0,0.0,0.0,interval iteration
5,1,seq_1_before_2,200,0,0.6199599544482433,0.6199599544482433,0.6199599544482433,0.6199599544482439,0.6199599544482439,0.6199599544482439,0.0,0.0,0.0,interval iteration
5,1,seq_2_before_3,200,0,0.351592356994588,0.351592356994588,0.3515932661974679,0.35159320023103224,0.35159320023103224,0.35159320025664453,0.0,2.561229006659005e-11,2.561229006659005e-11,interval iteration
5,1,complete_sequence,200,0,0.2807765068992147,0.2807765068992147,0.28077710914727216,0.28077707013952874,0.28077707013952874,0.28077707015675357,0.0,1.7224832671303147e-11,1.7224832671303147e-11,interval iteration
5,1,avoid_moving_seg1,200,0,0.8811785126158348,0.8811785126158348,0.8811785126158348,0.8811784832253486,0.8811784832253486,0.8811784832253486,0.0,0.0,0.0,interval iteration
5,1,avoid_moving_seg2,200,0,0.6149108393126577,0.6149108393126577,0.6149108393126577,0.6149100994313872,0.6149100994313872,0.6149100994313872,0.0,0.0,0.0,interval iteration
5,1,avoid_moving_seg3,200,0,0.22173924134190282,0.22173924134190282,0.22173924134190282,0.22173647804640328,0.22173647804640328,0.22173647804640328,0.0,0.0,0.0,interval iteration
5,2,goal1,200,0,0.8165773614076905,0.8165773614076905,0.8165773614076905,0.8165773614076912,0.8165773614076912,0.8165773614076912,0.0,0.0,0.0,interval iteration
5,2,goal2,200,0,0.9439572331222468,0.9439572331222468,0.9439572331222468,0.94395723312929,0.94395723312929,0.94395723312929,0.0,0.0,0.0,interval iteration
5,2,goal3,200,0,0.8165768425795557,0.8165768425795557,0.8165768425795557,0.8165773614154075,0.8165773614154075,0.8165773614154075,0.0,0.0,0.0,interval iteration
5,2,seq_1_before_2,200,0,0.656052727146289,0.656052727146289,0.656052727146289,0.6560527271462897,0.6560527271462897,0.6560527271462897,0.0,0.0,0.0,interval iteration
5,2,seq_2_before_3,200,0,0.5765657625246478,0.5765657625246478,0.5765661908471478,0.5765661719100847,0.5765661719100847,0.5765661719152764,0.0,5.191624907752157e-12,5.191624907752157e-12,interval iteration
5,2,complete_sequence,200,0,0.46322316779141737,0.46322316779141737,0.4632234975446089,0.4632234829655093,0.4632234829655093,0.46322348296950633,0.0,3.9970249332554886e-12,3.9970249332554886e-12,interval iteration
5,2,avoid_moving_seg1,200,0,0.8786107368551739,0.8786107368551739,0.8786107368551739,0.8786107202493433,0.8786107202493433,0.8786107202493433,0.0,0.0,0.0,interval iteration
5,2,avoid_moving_seg2,200,0,0.6209370287566349,0.6209370287566349,0.6209370287566349,0.6209370270888119,0.6209370270888119,0.6209370270888119,0.0,0.0,0.0,interval iteration
5,2,avoid_moving_seg3,200,0,0.3935308766446015,0.3935308766446015,0.3935308766446015,0.39353014811995535,0.39353014811995524,0.39353014811995524,0.0,1.1102230246251565e-16,0.0,interval iteration
5,3,goal1,200,0,0.8165773614076905,0.8165773614076905,0.8165773614076905,0.8165773614076912,0.8165773614076912,0.8165773614076912,0.0,0.0,0.0,interval iteration
5,3,goal2,200,0,0.9439561955731393,0.9439561955731393,0.9439561955731393,0.9439572331432784,0.9439572331432784,0.9439572331432784,0.0,0.0,0.0,interval iteration
5,3,goal3,200,0,0.8165768425795557,0.8165768425795557,0.8165768425795557,0.8165773614154075,0.8165773614154075,0.8165773614154075,0.0,0.0,0.0,interval iteration
5,3,seq_1_before_2,200,0,0.656052727146289,0.656052727146289,0.656052727146289,0.6560527271462897,0.6560527271462897,0.6560527271462897,0.0,0.0,0.0,interval iteration
5,3,seq_2_before_3,200,0,0.5765657625246478,0.5765657625246478,0.5765661908471478,0.5765661719100847,0.5765661719100847,0.5765661719152764,0.0,5.191624907752157e-12,5.191624907752157e-12,interval iteration
5,3,complete_sequence,200,0,0.46322316779141737,0.46322316779141737,0.4632234975446089,0.4632234829655093,0.4632234829655093,0.46322348296950633,0.0,3.9970249332554886e-12,3.9970249332554886e-12,interval iteration
5,3,avoid_moving_seg1,200,0,0.8786107368551739,0.8786107368551739,0.8786107368551739,0.8786107202493433,0.8786107202493433,0.8786107202493433,0.0,0.0,0.0,interval iteration
5,3,avoid_moving_seg2,200,0,0.6209370287566349,0.6209370287566349,0.6209370287566349,0.6209370270888119,0.6209370270888119,0.6209370270888119,0.0,0.0,0.0,interval iteration
5,3,avoid_moving_seg3,200,0,0.9746626518865777,0.9746626518865777,0.9746626518865777,0.9746626311745875,0.9746626311745875,0.9746626311745875,0.0,0.0,0.0,interval iteration
5,4,goal1,200,0,0.8165773614076905,0.8165773614076905,0.8165773614076905,0.8165773614076912,0.8165773614076912,0.8165773614076912,0.0,0.0,0.0,interval iteration
5,4,goal2,200,0,0.9439561955731393,0.9439561955731393,0.9439561955731393,0.9439572331432784,0.9439572331432784,0.9439572331432784,0.0,0.0,0.0,interval iteration
5,4,goal3,200,0,0.8165768425795557,0.8165768425795557,0.8165768425795557,0.8165773614154075,0.8165773614154075,0.8165773614154075,0.0,0.0,0.0,interval iteration
5,4,seq_1_before_2,200,0,0.656052727146289,0.656052727146289,0.656052727146289,0.6560527271462897,0.6560527271462897,0.6560527271462897,0.0,0.0,0.0,interval iteration
5,4,seq_2_before_3,200,0,0.5765657625246478,0.5765657625246478,0.5765661908471478,0.5765661719100847,0.5765661719100847,0.5765661719152764,0.0,5.191624907752157e-12,5.191624907752157e-12,interval iteration
5,4,complete_sequence,200,0,0.46322316779141737,0.46322316779141737,0.4632234975446089,0.4632234829655093,0.4632234829655093,0.46322348296950633,0.0,3.9970249332554886e-12,3.9970249332554886e-12,interval iteration
5,4,avoid_moving_seg1,200,0,0.8786107368551739,0.8786107368551739,0.8786107368551739,0.8786107202493433,0.8786107202493433,0.8786107202493433,0.0,0.0,0.0,interval iteration
5,4,avoid_moving_seg2,200,0,0.6209370287566349,0.6209370287566349,0.6209370287566349,0.6209370270888119,0.6209370270888119,0.6209370270888119,0.0,0.0,0.0,interval iteration
5,4,avoid_moving_seg3,200,0,0.9718074012457054,0.9718074012457054,0.9718074012457054,0.9718073780935683,0.9718073780935683,0.9718073780935683,0.0,0.0,0.0,interval iteration
5,5,goal1,200,0,0.8165773614076905,0.8165773614076905,0.8165773614076905,0.8165773614076912,0.8165773614076912,0.8165773614076912,0.0,0.0,0.0,interval iteration
5,5,goal2,200,0,0.9439561955731393,0.9439561955731393,0.9439561955731393,0.9439572331432784,0.9439572331432784,0.9439572331432784,0.0,0.0,0.0,interval iteration
5,5,goal3,200,0,0.8165768425795557,0.8165768425795557,0.8165768425795557,0.8165773614154075,0.8165773614154075,0.8165773614154075,0.0,0.0,0.0,interval iteration
5,5,seq_1_before_2,200,0,0.656052727146289,0.656052727146289,0.656052727146289,0.6560527271462897,0.6560527271462897,0.6560527271462897,0.0,0.0,0.0,interval iteration
5,5,seq_2_before_3,200,0,0.5765657625246478,0.5765657625246478,0.5765661908471478,0.5765661719100847,0.5765661719100847,0.5765661719152764,0.0,5.191624907752157e-12,5.191624907752157e-12,interval iteration
5,5,complete_sequence,200,0,0.46322316779141737,0.46322316779141737,0.4632234975446089,0.4632234829655093,0.4632234829655093,0.46322348296950633,0.0,3.9970249332554886e-12,3.9970249332554886e-12,interval iteration
5,5,avoid_moving_seg1,200,0,0.8786107368551739,0.8786107368551739,0.8786107368551739,0.8786107202493433,0.8786107202493433,0.8786107202493433,0.0,0.0,0.0,interval iteration
5,5,avoid_moving_seg2,200,0,0.6209370287566349,0.6209370287566349,0.6209370287566349,0.6209370270888119,0.6209370270888119,0.6209370270888119,0.0,0.0,0.0,interval iteration
5,5,avoid_moving_seg3,200,0,0.956638693584429,0.956638693584429,0.956638693584429,0.9566386388935786,0.9566386388935786,0.9566386388935786,0.0,0.0,0.0,interval iteration
6,1,goal1,200,0,1.0,1.0,1.0,1.0,1.0,1.0,0.0,0.0,0.0,interval iteration
6,1,goal2,200,0,1.0,1.0,1.0,1.0,1.0,1.0,0.0,0.0,0.0,interval iteration
6,1,goal3,200,0,1.0,1.0,1.0,1.0,1.0,1.0,0.0,0.0,0.0,interval iteration
6,1,seq_1_before_2,200,0,0.8398781524930025,0.8398781524930027,0.8398781524930027,0.8398788368332875,0.8398788368332875,0.8398788368332875,2.220446049250313e-16,0.0,0.0,interval iteration
6,1,seq_2_before_3,200,0,0.1262931814039871,0.12629318140398707,0.1262936817614858,0.12629335882822762,0.12629335882822762,0.12629335883287052,2.7755575615628914e-17,4.642897177831173e-12,4.642897177831173e-12,interval iteration
6,1,complete_sequence,200,0,0.1262931814039871,0.12629318140398707,0.1262936817614858,0.12629335882822762,0.12629335882822762,0.12629335883287052,2.7755575615628914e-17,4.642897177831173e-12,4.642897177831173e-12,interval iteration
6,1,avoid_moving_seg1,200,0,0.6721852245742401,0.6721852245742401,0.6721852245742401,0.6721850241432111,0.6721850241432111,0.6721850241432111,0.0,0.0,0.0,interval iteration
6,1,avoid_moving_seg2,200,0,1.0,1.0,1.0,1.0,1.0,1.0,0.0,0.0,0.0,interval iteration
6,1,avoid_moving_seg3,200,0,1.0,1.0,1.0,1.0,1.0,1.0,0.0,0.0,0.0,interval iteration
6,2,goal1,200,0,0.6141646767590154,0.6141646767590154,0.6141646767590154,0.614164676759026,0.6141646767590259,0.6141646767590259,0.0,1.1102230246251565e-16,0.0,interval iteration
6,2,goal2,200,0,0.6216447647323461,0.6216447647323462,0.6216447647323462,0.6216447647323464,0.6216447647323464,0.6216447647323464,1.1102230246251565e-16,0.0,0.0,interval iteration
6,2,goal3,200,0,0.665226372611356,0.665226372611356,0.665226372611356,0.6652268895188873,0.6652268895188873,0.6652268895188873,0.0,0.0,0.0,interval iteration
6,2,seq_1_before_2,200,0,0.5223876066940369,0.5223876066940369,0.5223876066940369,0.5223876066940935,0.5223876066940935,0.5223876066940935,0.0,0.0,0.0,interval iteration
6,2,seq_2_before_3,200,0,0.0851236688351728,0.08512366883517279,0.08512433098151195,0.0851243204601378,0.08512432046013778,0.08512432050140051,1.3877787807814457e-17,4.1262701588884454e-11,4.126272934446007e-11,interval iteration
6,2,complete_sequence,200,0,0.0851236688351728,0.08512366883517279,0.08512433098151195,0.0851243204601378,0.08512432046013778,0.08512432050140051,1.3877787807814457e-17,4.1262701588884454e-11,4.126272934446007e-11,interval iteration
6,2,avoid_moving_seg1,200,0,0.5842449458230821,0.5842449458230821,0.5842449458230821,0.5842449149902669,0.5842449149902669,0.5842449149902669,0.0,0.0,0.0,interval iteration
6,2,avoid_moving_seg2,200,0,1.0,1.0,1.0,1.0,1.0,1.0,0.0,0.0,0.0,interval iteration
6,2,avoid_moving_seg3,200,0,1.0,1.0,1.0,1.0,1.0,1.0,0.0,0.0,0.0,interval iteration
6,3,goal1,200,0,0.5132339385565564,0.5132339385565564,0.5132339385565564,0.5132342240608905,0.5132342240608905,0.5132342240608905,0.0,0.0,0.0,interval iteration
6,3,goal2,200,0,0.5132342240613724,0.5132342240613725,0.5132342240613725,0.5132342240613728,0.5132342240613729,0.5132342240613729,1.1102230246251565e-16,1.1102230246251565e-16,0.0,interval iteration
6,3,goal3,200,0,0.665226372611356,0.665226372611356,0.665226372611356,0.6652268895188873,0.6652268895188873,0.6652268895188873,0.0,0.0,0.0,interval iteration
6,3,seq_1_before_2,200,0,0.5132334942593981,0.5132334942593981,0.5132334942593981,0.5132342240612864,0.5132342240612864,0.5132342240612864,0.0,0.0,0.0,interval iteration
6,3,seq_2_before_3,200,0,0.0851236688351728,0.0851236688351728,0.08512433098151195,0.0851243204601378,0.08512432046013782,0.08512432050140051,0.0,4.1262701588884454e-11,4.1262687711096646e-11,interval iteration
6,3,complete_sequence,200,0,0.0851236688351728,0.0851236688351728,0.08512433098151195,0.0851243204601378,0.08512432046013782,0.08512432050140051,0.0,4.1262701588884454e-11,4.1262687711096646e-11,interval iteration
6,3,avoid_moving_seg1,200,0,0.4784172561595972,0.47841725615959707,0.47841725615959707,0.4784164236554971,0.4784164236554971,0.4784164236554971,1.1102230246251565e-16,0.0,0.0,interval iteration
6,3,avoid_moving_seg2,200,0,1.0,1.0,1.0,1.0,1.0,1.0,0.0,0.0,0.0,interval iteration
6,3,avoid_moving_seg3,200,0,1.0,1.0,1.0,1.0,1.0,1.0,0.0,0.0,0.0,interval iteration
6,4,goal1,200,0,0.61416467674871,0.6141646767487102,0.6141646767487102,0.614164676759026,0.6141646767590259,0.6141646767590259,2.220446049250313e-16,1.1102230246251565e-16,0.0,interval iteration
6,4,goal2,200,0,0.6216447647323461,0.6216447647323462,0.6216447647323462,0.6216447647323464,0.6216447647323464,0.6216447647323464,1.1102230246251565e-16,0.0,0.0,interval iteration
6,4,goal3,200,0,0.665226372611356,0.665226372611356,0.665226372611356,0.6652268895188873,0.6652268895188873,0.6652268895188873,0.0,0.0,0.0,interval iteration
6,4,seq_1_before_2,200,0,0.5223876066595369,0.522387606659537,0.522387606659537,0.5223876066940935,0.5223876066940935,0.5223876066940935,1.1102230246251565e-16,0.0,0.0,interval iteration
6,4,seq_2_before_3,200,0,0.0851236688351728,0.08512366883517279,0.08512433098151195,0.0851243204601378,0.08512432046013778,0.08512432050140051,1.3877787807814457e-17,4.1262701588884454e-11,4.126272934446007e-11,interval iteration
6,4,complete_sequence,200,0,0.0851236688351728,0.08512366883517279,0.08512433098151195,0.0851243204601378,0.08512432046013778,0.08512432050140051,1.3877787807814457e-17,4.1262701588884454e-11,4.126272934446007e-11,interval iteration
6,4,avoid_moving_seg1,200,0,0.5842449458230821,0.5842449458230821,0.5842449458230821,0.5842449149902669,0.5842449149902669,0.5842449149902669,0.0,0.0,0.0,interval iteration
6,4,avoid_moving_seg2,200,0,1.0,1.0,1.0,1.0,1.0,1.0,0.0,0.0,0.0,interval iteration
6,4,avoid_moving_seg3,200,0,1.0,1.0,1.0,1.0,1.0,1.0,0.0,0.0,0.0,interval iteration
6,5,goal1,200,0,0.5132339385565564,0.5132339385565564,0.5132339385565564,0.5132342240608905,0.5132342240608905,0.5132342240608905,0.0,0.0,0.0,interval iteration
6,5,goal2,200,0,0.5132342240613724,0.5132342240613725,0.5132342240613725,0.5132342240613728,0.5132342240613729,0.5132342240613729,1.1102230246251565e-16,1.1102230246251565e-16,0.0,interval iteration
6,5,goal3,200,0,0.665226372611356,0.665226372611356,0.665226372611356,0.6652268895188873,0.6652268895188873,0.6652268895188873,0.0,0.0,0.0,interval iteration
6,5,seq_1_before_2,200,0,0.5132334942593981,0.5132334942593981,0.5132334942593981,0.5132342240612864,0.5132342240612864,0.5132342240612864,0.0,0.0,0.0,interval iteration
6,5,seq_2_before_3,200,0,0.0851236688351728,0.0851236688351728,0.08512433098151195,0.0851243204601378,0.08512432046013782,0.08512432050140051,0.0,4.1262701588884454e-11,4.1262687711096646e-11,interval iteration
6,5,complete_sequence,200,0,0.0851236688351728,0.0851236688351728,0.08512433098151195,0.0851243204601378,0.08512432046013782,0.08512432050140051,0.0,4.1262701588884454e-11,4.1262687711096646e-11,interval iteration
6,5,avoid_moving_seg1,200,0,0.4784172561595972,0.47841725615959707,0.47841725615959707,0.4784164236554971,0.4784164236554971,0.4784164236554971,1.1102230246251565e-16,0.0,0.0,interval iteration
6,5,avoid_moving_seg2,200,0,1.0,1.0,1.0,1.0,1.0,1.0,0.0,0.0,0.0,interval iteration
6,5,avoid_moving_seg3,200,0,1.0,1.0,1.0,1.0,1.0,1.0,0.0,0.0,0.0,interval iteration
7,1,goal1,200,0,0.0006410203884444242,0.0006410203884444242,0.0006410203884444242,0.0006410205681876985,0.0006410205681876985,0.0006410205681876985,0.0,0.0,0.0,interval iteration
7,1,goal2,200,0,1.0,1.0,1.0,1.0,1.0,1.0,0.0,0.0,0.0,interval iteration
7,1,goal3,200,0,1.0,1.0,1.0,1.0,1.0,1.0,0.0,0.0,0.0,interval iteration
7,1,seq_1_before_2,200,0,0.0006410205680550168,0.0006410205680550168,0.0006410205680550168,0.0006410205680550168,0.0006410205680550168,0.0006410205680550168,0.0,0.0,0.0,interval iteration
7,1,seq_2_before_3,200,0,1.1304754831942e-05,1.1304754831942e-05,1.1311158781390773e-05,1.1304805427795268e-05,1.1304805427795268e-05,1.1304805872303092e-05,0.0,4.4450782369699106e-13,4.4450782369699106e-13,interval iteration
7,1,complete_sequence,200,0,1.1304754831942e-05,1.1304754831942e-05,1.1311158781390773e-05,1.1304805427795268e-05,1.1304805427795272e-05,1.1304805872303092e-05,0.0,4.4450782369699106e-13,4.4450782030885927e-13,interval iteration
7,1,avoid_moving_seg1,200,0,0.0006413249962573531,0.0006413249962573531,0.0006413249962573531,0.0006410208324163502,0.0006410208324163502,0.0006410208324163502,0.0,0.0,0.0,interval iteration
7,1,avoid_moving_seg2,200,0,0.9993676186883492,0.9993676186883492,0.9993676186883492,0.9993676181951506,0.9993676181951506,0.9993676181951506,0.0,0.0,0.0,interval iteration
7,1,avoid_moving_seg3,200,0,0.999722827689825,0.999722827689825,0.999722827689825,0.9997225555121785,0.9997225555121785,0.9997225555121785,0.0,0.0,0.0,interval iteration
7,2,goal1,200,0,0.0006410203884444242,0.0006410203884444242,0.0006410203884444242,0.0006410205681876985,0.0006410205681876985,0.0006410205681876985,0.0,0.0,0.0,interval iteration
7,2,goal2,200,0,1.0,1.0,1.0,1.0,1.0,1.0,0.0,0.0,0.0,interval iteration
7,2,goal3,200,0,1.0,1.0,1.0,1.0,1.0,1.0,0.0,0.0,0.0,interval iteration
7,2,seq_1_before_2,200,0,0.0006410205680550168,0.0006410205680550168,0.0006410205680550168,0.0006410205680550168,0.0006410205680550168,0.0006410205680550168,0.0,0.0,0.0,interval iteration
7,2,seq_2_before_3,200,0,0.0004202993456857452,0.0004202993456857451,0.0004203012524837124,0.00042030001125250514,0.0004203000112525052,0.00042030001124127025,5.421010862427522e-20,1.1234882382055167e-14,1.1234936592163791e-14,interval iteration
7,2,complete_sequence,200,0,0.0004202993456857452,0.0004202993456857451,0.0004203012524837124,0.00042030001125250514,0.0004203000112525052,0.00042030001124127025,5.421010862427522e-20,1.1234882382055167e-14,1.1234936592163791e-14,interval iteration
7,2,avoid_moving_seg1,200,0,0.0006413249962573531,0.0006413249962573531,0.0006413249962573531,0.0006410208324163502,0.0006410208324163502,0.0006410208324163502,0.0,0.0,0.0,interval iteration
7,2,avoid_moving_seg2,200,0,0.9995492040877478,0.9995492040877478,0.9995492040877478,0.99954920393218,0.99954920393218,0.99954920393218,0.0,0.0,0.0,interval iteration
7,2,avoid_moving_seg3,200,0,0.9999315331807299,0.9999315331807299,0.9999315331807299,0.9999315330620042,0.9999315330620042,0.9999315330620042,0.0,0.0,0.0,interval iteration
7,3,goal1,200,0,0.0006410203884444242,0.0006410203884444242,0.0006410203884444242,0.0006410205681876985,0.0006410205681876985,0.0006410205681876985,0.0,0.0,0.0,interval iteration
7,3,goal2,200,0,1.0,1.0,1.0,1.0,1.0,1.0,0.0,0.0,0.0,interval iteration
7,3,goal3,200,0,0.0006410203884444242,0.0006410203884444242,0.0006410203884444242,0.0006410205681876985,0.0006410205681876985,0.0006410205681876985,0.0,0.0,0.0,interval iteration
7,3,seq_1_before_2,200,0,0.0006410205680550168,0.0006410205680550168,0.0006410205680550168,0.0006410205680550168,0.0006410205680550168,0.0006410205680550168,0.0,0.0,0.0,interval iteration
7,3,seq_2_before_3,200,0,0.00048639685592699524,0.0004863968559269952,0.00048640139291811213,0.00048639973131248696,0.000486399731312487,0.00048639973135777836,5.421010862427522e-20,4.529140734330084e-14,4.5291353133192214e-14,interval iteration
7,3,complete_sequence,200,0,0.00048639685592699524,0.0004863968559269952,0.00048640139291811213,0.00048639973131248696,0.000486399731312487,0.00048639973135777836,5.421010862427522e-20,4.529140734330084e-14,4.5291353133192214e-14,interval iteration
7,3,avoid_moving_seg1,200,0,0.0006413249962573531,0.0006413249962573531,0.0006413249962573531,0.0006410208324163502,0.0006410208324163502,0.0006410208324163502,0.0,0.0,0.0,interval iteration
7,3,avoid_moving_seg2,200,0,0.9995086256449912,0.9995086256449912,0.9995086256449912,0.9995086253365936,0.9995086253365936,0.9995086253365936,0.0,0.0,0.0,interval iteration
7,3,avoid_moving_seg3,200,0,0.9999276848779411,0.9999276848779411,0.9999276848779411,0.9999276844622752,0.9999276844622752,0.9999276844622752,0.0,0.0,0.0,interval iteration
7,4,goal1,200,0,0.0006410205680550134,0.0006410205680550134,0.0006410205680550134,0.0006410205680550168,0.0006410205680550168,0.0006410205680550168,0.0,0.0,0.0,interval iteration
7,4,goal2,200,0,0.9997441570900829,0.9997441570900829,0.9997441570900829,0.999744157090083,0.999744157090083,0.999744157090083,0.0,0.0,0.0,interval iteration
7,4,goal3,200,0,1.0,1.0,1.0,1.0,1.0,1.0,0.0,0.0,0.0,interval iteration
7,4,seq_1_before_2,200,0,0.0006410205680550168,0.0006410205680550168,0.0006410205680550168,0.0006410205680550168,0.0006410205680550168,0.0006410205680550168,0.0,0.0,0.0,interval iteration
7,4,seq_2_before_3,200,0,0.0003851772425326423,0.0003851772425326423,0.00038518132487830314,0.00038517765805712594,0.00038517765805712583,0.0003851776577403765,0.0,3.167494478512056e-13,3.1674933943098837e-13,interval iteration
7,4,complete_sequence,200,0,0.0003851772425326423,0.0003851772425326423,0.00038518132487830314,0.00038517765805712594,0.00038517765805712594,0.0003851776577403765,0.0,3.167494478512056e-13,3.167494478512056e-13,interval iteration
7,4,avoid_moving_seg1,200,0,0.0006413249962573531,0.0006413249962573531,0.0006413249962573531,0.0006410208324163502,0.0006410208324163502,0.0006410208324163502,0.0,0.0,0.0,interval iteration
7,4,avoid_moving_seg2,200,0,0.9996085840958673,0.9996085840958673,0.9996085840958673,0.9996085840575225,0.9996085840575225,0.9996085840575225,0.0,0.0,0.0,interval iteration
7,4,avoid_moving_seg3,200,0,0.9999566993282172,0.9999566993282172,0.9999566993282172,0.9999566992892122,0.9999566992892122,0.9999566992892122,0.0,0.0,0.0,interval iteration
7,5,goal1,200,0,0.0006410203884444242,0.0006410203884444242,0.0006410203884444242,0.0006410205681876985,0.0006410205681876985,0.0006410205681876985,0.0,0.0,0.0,interval iteration
7,5,goal2,200,0,1.0,1.0,1.0,1.0,1.0,1.0,0.0,0.0,0.0,interval iteration
7,5,goal3,200,0,0.0006410203884444242,0.0006410203884444242,0.0006410203884444242,0.0006410205681876985,0.0006410205681876985,0.0006410205681876985,0.0,0.0,0.0,interval iteration
7,5,seq_1_before_2,200,0,0.0006410205680550168,0.0006410205680550168,0.0006410205680550168,0.0006410205680550168,0.0006410205680550168,0.0006410205680550168,0.0,0.0,0.0,interval iteration
7,5,seq_2_before_3,200,0,0.0004202993456857452,0.0004202993456857451,0.0004203012524837124,0.00042030001125250514,0.00042030001125250514,0.00042030001124127025,5.421010862427522e-20,1.1234882382055167e-14,1.1234882382055167e-14,interval iteration
7,5,complete_sequence,200,0,0.0004202993456857452,0.0004202993456857452,0.0004203012524837124,0.00042030001125250514,0.0004203000112525052,0.00042030001124127025,0.0,1.1234882382055167e-14,1.1234936592163791e-14,interval iteration
7,5,avoid_moving_seg1,200,0,0.0006413249962573531,0.0006413249962573531,0.0006413249962573531,0.0006410208324163502,0.0006410208324163502,0.0006410208324163502,0.0,0.0,0.0,interval iteration
7,5,avoid_moving_seg2,200,0,0.9995492040877478,0.9995492040877478,0.9995492040877478,0.99954920393218,0.99954920393218,0.99954920393218,0.0,0.0,0.0,interval iteration
7,5,avoid_moving_seg3,200,0,0.9999315331807299,0.9999315331807299,0.9999315331807299,0.9999315330620042,0.9999315330620042,0.9999315330620042,0.0,0.0,0.0,interval iteration
8,1,goal1,288,0,0.0,0.0,0.0,0.0,0.0,0.0,0.0,0.0,0.0,interval iteration
8,1,goal2,288,0,1.0,1.0,1.0,1.0,1.0,1.0,0.0,0.0,0.0,interval iteration
8,1,goal3,288,0,1.0,1.0,1.0,1.0,1.0,1.0,0.0,0.0,0.0,interval iteration
8,1,seq_1_before_2,288,0,0.0,0.0,0.0,0.0,0.0,0.0,0.0,0.0,0.0,interval iteration
8,1,seq_2_before_3,288,0,0.0,0.0,0.0,0.0,0.0,0.0,0.0,0.0,0.0,interval iteration
8,1,complete_sequence,288,0,0.0,0.0,0.0,0.0,0.0,0.0,0.0,0.0,0.0,interval iteration
8,1,avoid_moving_seg1,288,0,0.4362753755428225,0.4362753755428225,0.4362753755428225,0.4362735989994413,0.4362735989994413,0.4362735989994413,0.0,0.0,0.0,interval iteration
8,1,avoid_moving_seg2,288,0,1.0,1.0,1.0,1.0,1.0,1.0,0.0,0.0,0.0,interval iteration
8,1,avoid_moving_seg3,288,0,1.0,1.0,1.0,1.0,1.0,1.0,0.0,0.0,0.0,interval iteration
8,2,goal1,288,0,0.0,0.0,0.0,0.0,0.0,0.0,0.0,0.0,0.0,interval iteration
8,2,goal2,288,0,0.0,0.0,0.0,0.0,0.0,0.0,0.0,0.0,0.0,interval iteration
8,2,goal3,288,0,0.0,0.0,0.0,0.0,0.0,0.0,0.0,0.0,0.0,interval iteration
8,2,seq_1_before_2,288,0,0.0,0.0,0.0,0.0,0.0,0.0,0.0,0.0,0.0,interval iteration
8,2,seq_2_before_3,288,0,0.0,0.0,0.0,0.0,0.0,0.0,0.0,0.0,0.0,interval iteration
8,2,complete_sequence,288,0,0.0,0.0,0.0,0.0,0.0,0.0,0.0,0.0,0.0,interval iteration
8,2,avoid_moving_seg1,288,0,0.0,0.0,0.0,0.0,0.0,0.0,0.0,0.0,0.0,interval iteration
8,2,avoid_moving_seg2,288,0,1.0,1.0,1.0,1.0,1.0,1.0,0.0,0.0,0.0,interval iteration
8,2,avoid_moving_seg3,288,0,1.0,1.0,1.0,1.0,1.0,1.0,0.0,0.0,0.0,interval iteration
8,3,goal1,288,0,0.0,0.0,0.0,0.0,0.0,0.0,0.0,0.0,0.0,interval iteration
8,3,goal2,288,0,0.0,0.0,0.0,0.0,0.0,0.0,0.0,0.0,0.0,interval iteration
8,3,goal3,288,0,0.0,0.0,0.0,0.0,0.0,0.0,0.0,0.0,0.0,interval iteration
8,3,seq_1_before_2,288,0,0.0,0.0,0.0,0.0,0.0,0.0,0.0,0.0,0.0,interval iteration
8,3,seq_2_before_3,288,0,0.0,0.0,0.0,0.0,0.0,0.0,0.0,0.0,0.0,interval iteration
8,3,complete_sequence,288,0,0.0,0.0,0.0,0.0,0.0,0.0,0.0,0.0,0.0,interval iteration
8,3,avoid_moving_seg1,288,0,0.0,0.0,0.0,0.0,0.0,0.0,0.0,0.0,0.0,interval iteration
8,3,avoid_moving_seg2,288,0,1.0,1.0,1.0,1.0,1.0,1.0,0.0,0.0,0.0,interval iteration
8,3,avoid_moving_seg3,288,0,1.0,1.0,1.0,1.0,1.0,1.0,0.0,0.0,0.0,interval iteration
8,4,goal1,288,0,0.0,0.0,0.0,0.0,0.0,0.0,0.0,0.0,0.0,interval iteration
8,4,goal2,288,0,1.0,1.0,1.0,1.0,1.0,1.0,0.0,0.0,0.0,interval iteration
8,4,goal3,288,0,1.0,1.0,1.0,1.0,1.0,1.0,0.0,0.0,0.0,interval iteration
8,4,seq_1_before_2,288,0,0.0,0.0,0.0,0.0,0.0,0.0,0.0,0.0,0.0,interval iteration
8,4,seq_2_before_3,288,0,0.0,0.0,0.0,0.0,0.0,0.0,0.0,0.0,0.0,interval iteration
8,4,complete_sequence,288,0,0.0,0.0,0.0,0.0,0.0,0.0,0.0,0.0,0.0,interval iteration
8,4,avoid_moving_seg1,288,0,0.07635942444382016,0.07635942444382016,0.07635942444382016,0.07635576038931091,0.07635576038931091,0.07635576038931091,0.0,0.0,0.0,interval iteration
8,4,avoid_moving_seg2,288,0,1.0,1.0,1.0,1.0,1.0,1.0,0.0,0.0,0.0,interval iteration
8,4,avoid_moving_seg3,288,0,1.0,1.0,1.0,1.0,1.0,1.0,0.0,0.0,0.0,interval iteration
8,5,goal1,288,0,0.0,0.0,0.0,0.0,0.0,0.0,0.0,0.0,0.0,interval iteration
8,5,goal2,288,0,0.04602851367495142,0.04602851367495143,0.04602851367495143,0.04602884049101872,0.04602884049101871,0.04602884049101871,6.938893903907228e-18,6.938893903907228e-18,0.0,interval iteration
8,5,goal3,288,0,0.04602851367495142,0.04602851367495143,0.04602851367495143,0.04602884049101872,0.04602884049101871,0.04602884049101871,6.938893903907228e-18,6.938893903907228e-18,0.0,interval iteration
8,5,seq_1_before_2,288,0,0.0,0.0,0.0,0.0,0.0,0.0,0.0,0.0,0.0,interval iteration
8,5,seq_2_before_3,288,0,0.0,0.0,0.0,0.0,0.0,0.0,0.0,0.0,0.0,interval iteration
8,5,complete_sequence,288,0,0.0,0.0,0.0,0.0,0.0,0.0,0.0,0.0,0.0,interval iteration
8,5,avoid_moving_seg1,288,0,0.6053203471373096,0.6053203471373096,0.6053203471373096,0.60531907116202,0.60531907116202,0.60531907116202,0.0,0.0,0.0,interval iteration
8,5,avoid_moving_seg2,288,0,1.0,1.0,1.0,1.0,1.0,1.0,0.0,0.0,0.0,interval iteration
8,5,avoid_moving_seg3,288,0,1.0,1.0,1.0,1.0,1.0,1.0,0.0,0.0,0.0,interval iteration
9,1,goal1,288,0,0.005499532182524365,0.005499532182524365,0.005499532182524365,0.0054995458278146395,0.0054995458278146395,0.0054995458278146395,0.0,0.0,0.0,interval iteration
9,1,goal2,288,0,1.0,1.0,1.0,1.0,1.0,1.0,0.0,0.0,0.0,interval iteration
9,1,goal3,288,0,1.0,1.0,1.0,1.0,1.0,1.0,0.0,0.0,0.0,interval iteration
9,1,seq_1_before_2,288,0,0.005499532182524365,0.005499532182524365,0.005499532182524365,0.0054995458278146395,0.0054995458278146395,0.0054995458278146395,0.0,0.0,0.0,interval iteration
9,1,seq_2_before_3,288,0,0.00547388875205629,0.00547388875205629,0.0054739222850821445,0.005473921697863839,0.005473921697863839,0.005473921699106654,0.0,1.2428148787879678e-12,1.2428148787879678e-12,interval iteration
9,1,complete_sequence,288,0,0.00547388875205629,0.00547388875205629,0.0054739222850821445,0.005473921697863839,0.005473921697863839,0.005473921699106654,0.0,1.2428148787879678e-12,1.2428148787879678e-12,interval iteration
9,1,avoid_moving_seg1,288,0,0.00549959006959555,0.00549959006959555,0.00549959006959555,0.005499545828560715,0.005499545828560715,0.005499545828560715,0.0,0.0,0.0,interval iteration
9,1,avoid_moving_seg2,288,0,0.9999532765257809,0.9999532765257809,0.9999532765257809,0.9999532765248004,0.9999532765248004,0.9999532765248004,0.0,0.0,0.0,interval iteration
9,1,avoid_moving_seg3,288,0,1.0,1.0,1.0,1.0,1.0,1.0,0.0,0.0,0.0,interval iteration
9,2,goal1,288,0,0.005499532182524365,0.005499532182524365,0.005499532182524365,0.0054995458278146395,0.0054995458278146395,0.0054995458278146395,0.0,0.0,0.0,interval iteration
9,2,goal2,288,0,1.0,1.0,1.0,1.0,1.0,1.0,0.0,0.0,0.0,interval iteration
9,2,goal3,288,0,1.0,1.0,1.0,1.0,1.0,1.0,0.0,0.0,0.0,interval iteration
9,2,seq_1_before_2,288,0,0.005499532182524365,0.005499532182524365,0.005499532182524365,0.0054995458278146395,0.0054995458278146395,0.0054995458278146395,0.0,0.0,0.0,interval iteration
9,2,seq_2_before_3,288,0,0.005477092405708582,0.005477092405708582,0.005477097880598469,0.005477097807180552,0.005477097807180552,0.005477097807316977,0.0,1.3642559304472002e-13,1.3642559304472002e-13,interval iteration
9,2,complete_sequence,288,0,0.005477092405708582,0.005477092405708582,0.005477097880598469,0.005477097807180552,0.005477097807180552,0.005477097807316977,0.0,1.3642559304472002e-13,1.3642559304472002e-13,interval iteration
9,2,avoid_moving_seg1,288,0,0.00549959006959555,0.00549959006959555,0.00549959006959555,0.005499545828560715,0.005499545828560715,0.005499545828560715,0.0,0.0,0.0,interval iteration
9,2,avoid_moving_seg2,288,0,0.9999067603292645,0.9999067603292645,0.9999067603292645,0.9999067603248722,0.9999067603248722,0.9999067603248722,0.0,0.0,0.0,interval iteration
9,2,avoid_moving_seg3,288,0,0.999999791727243,0.999999791727243,0.999999791727243,0.9999997917271278,0.9999997917271278,0.9999997917271278,0.0,0.0,0.0,interval iteration
9,3,goal1,288,0,0.005499532182524365,0.005499532182524365,0.005499532182524365,0.0054995458278146395,0.0054995458278146395,0.0054995458278146395,0.0,0.0,0.0,interval iteration
9,3,goal2,288,0,1.0,1.0,1.0,1.0,1.0,1.0,0.0,0.0,0.0,interval iteration
9,3,goal3,288,0,1.0,1.0,1.0,1.0,1.0,1.0,0.0,0.0,0.0,interval iteration
9,3,seq_1_before_2,288,0,0.005499532182524365,0.005499532182524365,0.005499532182524365,0.0054995458278146395,0.0054995458278146395,0.0054995458278146395,0.0,0.0,0.0,interval iteration
9,3,seq_2_before_3,288,0,0.005477092405708582,0.005477092405708582,0.005477097880598469,0.005477097807180552,0.005477097807180552,0.005477097807316977,0.0,1.3642559304472002e-13,1.3642559304472002e-13,interval iteration
9,3,complete_sequence,288,0,0.005477092405708582,0.005477092405708582,0.005477097880598469,0.005477097807180552,0.005477097807180552,0.005477097807316977,0.0,1.3642559304472002e-13,1.3642559304472002e-13,interval iteration
9,3,avoid_moving_seg1,288,0,0.00549959006959555,0.00549959006959555,0.00549959006959555,0.005499545828560715,0.005499545828560715,0.005499545828560715,0.0,0.0,0.0,interval iteration
9,3,avoid_moving_seg2,288,0,0.9999067603292645,0.9999067603292645,0.9999067603292645,0.9999067603248722,0.9999067603248722,0.9999067603248722,0.0,0.0,0.0,interval iteration
9,3,avoid_moving_seg3,288,0,0.999999893884383,0.999999893884383,0.999999893884383,0.999999893884348,0.999999893884348,0.999999893884348,0.0,0.0,0.0,interval iteration
9,4,goal1,288,0,0.005499532182524365,0.005499532182524365,0.005499532182524365,0.005499545827506381,0.005499545827506381,0.005499545827506381,0.0,0.0,0.0,Gauss-Seidel 1e-12
9,4,goal2,288,0,1.0,1.0,1.0,1.0,1.0,1.0,0.0,0.0,0.0,Gauss-Seidel 1e-12
9,4,goal3,288,0,1.0,1.0,1.0,1.0,1.0,1.0,0.0,0.0,0.0,Gauss-Seidel 1e-12
9,4,seq_1_before_2,288,0,0.005499532182524365,0.005499532182524365,0.005499532182524365,0.005499545827506381,0.005499545827506381,0.005499545827506381,0.0,0.0,0.0,Gauss-Seidel 1e-12
9,4,seq_2_before_3,288,0,0.005023780577920537,0.005023780577920535,0.005064557357372879,0.005040571007648509,0.005040571007632309,0.005040571029192309,2.6020852139652106e-18,2.1543799730294744e-11,2.156000031283689e-11,Gauss-Seidel 1e-12
9,4,complete_sequence,288,0,0.005023780577920537,0.00502378057792054,0.005064557357372879,0.005040571007648509,0.005040571007634988,0.005040571029214735,2.6020852139652106e-18,2.1566226235392172e-11,2.1579747537525673e-11,Gauss-Seidel 1e-12
9,4,avoid_moving_seg1,288,0,0.00549959006959555,0.00549959006959555,0.00549959006959555,0.005499545827567398,0.005499545827567398,0.005499545827567398,0.0,0.0,0.0,Gauss-Seidel 1e-12
9,4,avoid_moving_seg2,288,0,0.9992320658642474,0.9992320658642474,0.9992320658642474,0.999232064016658,0.999232064016658,0.999232064016658,0.0,0.0,0.0,Gauss-Seidel 1e-12
9,4,avoid_moving_seg3,288,0,0.9987595716286802,0.9987595716286802,0.9987595716286802,0.998753059528415,0.9987530595284144,0.9987530595284144,0.0,5.551115123125783e-16,0.0,Gauss-Seidel 1e-12
9,5,goal1,288,0,0.005499532182524365,0.005499532182524365,0.005499532182524365,0.0054995458278146395,0.0054995458278146395,0.0054995458278146395,0.0,0.0,0.0,interval iteration
9,5,goal2,288,0,1.0,1.0,1.0,1.0,1.0,1.0,0.0,0.0,0.0,interval iteration
9,5,goal3,288,0,1.0,1.0,1.0,1.0,1.0,1.0,0.0,0.0,0.0,interval iteration
9,5,seq_1_before_2,288,0,0.005499532182524365,0.005499532182524365,0.005499532182524365,0.0054995458278146395,0.0054995458278146395,0.0054995458278146395,0.0,0.0,0.0,interval iteration
9,5,seq_2_before_3,288,0,0.005477092405708582,0.005477092405708582,0.005477097880598469,0.005477097807180552,0.005477097807180552,0.005477097807316977,0.0,1.3642559304472002e-13,1.3642559304472002e-13,interval iteration
9,5,complete_sequence,288,0,0.005477092405708582,0.005477092405708582,0.005477097880598469,0.005477097807180552,0.005477097807180552,0.005477097807316977,0.0,1.3642559304472002e-13,1.3642559304472002e-13,interval iteration
9,5,avoid_moving_seg1,288,0,0.00549959006959555,0.00549959006959555,0.00549959006959555,0.005499545828560715,0.005499545828560715,0.005499545828560715,0.0,0.0,0.0,interval iteration
9,5,avoid_moving_seg2,288,0,0.9999067603292645,0.9999067603292645,0.9999067603292645,0.9999067603248722,0.9999067603248722,0.9999067603248722,0.0,0.0,0.0,interval iteration
9,5,avoid_moving_seg3,288,0,0.9999996369150643,0.9999996369150643,0.9999996369150643,0.9999996369148557,0.9999996369148557,0.9999996369148557,0.0,0.0,0.0,interval iteration
10,1,goal1,288,0,1.0,1.0,1.0,1.0,1.0,1.0,0.0,0.0,0.0,interval iteration
10,1,goal2,288,0,1.0,1.0,1.0,1.0,1.0,1.0,0.0,0.0,0.0,interval iteration
10,1,goal3,288,0,1.0,1.0,1.0,1.0,1.0,1.0,0.0,0.0,0.0,interval iteration
10,1,seq_1_before_2,288,0,0.6456765977998853,0.6456765977998867,0.6456765977998867,0.65252792992493,0.6525279299249296,0.6525279299249296,1.4432899320127035e-15,4.440892098500626e-16,0.0,interval iteration
10,1,seq_2_before_3,288,0,0.18081410840893666,0.18081410840893666,0.18527733933333512,0.18167351829562256,0.1816735182956224,0.18167351842241386,0.0,1.2679129968162783e-10,1.2679146621508153e-10,interval iteration
10,1,complete_sequence,288,0,0.14035074776859738,0.14035074776859768,0.14385330832098797,0.1409477010432827,0.1409477010432827,0.14094770116724842,3.0531133177191805e-16,1.2396572657280558e-10,1.2396572657280558e-10,interval iteration
10,1,avoid_moving_seg1,288,0,0.12335370013711566,0.12335370013711566,0.12335370013711566,0.12335117192747957,0.12335117192747969,0.12335117192747969,0.0,1.1102230246251565e-16,0.0,interval iteration
10,1,avoid_moving_seg2,288,0,1.0,1.0,1.0,1.0,1.0,1.0,0.0,0.0,0.0,interval iteration
10,1,avoid_moving_seg3,288,0,0.9805301581037348,0.9805301581037346,0.9805301581037346,0.9803388909745079,0.9803388909745078,0.9803388909745078,2.220446049250313e-16,1.1102230246251565e-16,0.0,interval iteration
10,2,goal1,288,0,1.0,1.0,1.0,1.0,1.0,1.0,0.0,0.0,0.0,interval iteration
10,2,goal2,288,0,1.0,1.0,1.0,1.0,1.0,1.0,0.0,0.0,0.0,interval iteration
10,2,goal3,288,0,1.0,1.0,1.0,1.0,1.0,1.0,0.0,0.0,0.0,interval iteration
10,2,seq_1_before_2,288,0,0.664224305949121,0.664224305949121,0.664224305949121,0.6645483184796832,0.6645483184796827,0.6645483184796827,0.0,5.551115123125783e-16,0.0,interval iteration
10,2,seq_2_before_3,288,0,0.15750614673637842,0.1575061467363786,0.15770481608912168,0.1575392355758463,0.15753923557584631,0.157539235732576,1.942890293094024e-16,1.5672971254154788e-10,1.5672968478597227e-10,interval iteration
10,2,complete_sequence,288,0,0.12296070970820373,0.12296070970820373,0.12311525317855843,0.12298375678175116,0.12298375678175116,0.12298375692917807,0.0,1.4742690401803316e-10,1.4742690401803316e-10,interval iteration
10,2,avoid_moving_seg1,288,0,0.14043050531832035,0.14043050531832035,0.14043050531832035,0.1404226628455011,0.1404226628455011,0.1404226628455011,0.0,0.0,0.0,interval iteration
10,2,avoid_moving_seg2,288,0,1.0,1.0,1.0,1.0,1.0,1.0,0.0,0.0,0.0,interval iteration
10,2,avoid_moving_seg3,288,0,0.9889694044146665,0.9889694044146665,0.9889694044146665,0.9889668239529018,0.9889668239529018,0.9889668239529018,0.0,0.0,0.0,interval iteration
10,3,goal1,288,0,1.0,1.0,1.0,1.0,1.0,1.0,0.0,0.0,0.0,interval iteration
10,3,goal2,288,0,1.0,1.0,1.0,1.0,1.0,1.0,0.0,0.0,0.0,interval iteration
10,3,goal3,288,0,1.0,1.0,1.0,1.0,1.0,1.0,0.0,0.0,0.0,interval iteration
10,3,seq_1_before_2,288,0,0.664224305949121,0.664224305949121,0.664224305949121,0.6645483184796832,0.6645483184796827,0.6645483184796827,0.0,5.551115123125783e-16,0.0,interval iteration
10,3,seq_2_before_3,288,0,0.15750614673637842,0.1575061467363786,0.15770481608912168,0.1575392355758463,0.15753923557584631,0.157539235732576,1.942890293094024e-16,1.5672971254154788e-10,1.5672968478597227e-10,interval iteration
10,3,complete_sequence,288,0,0.12296070970820373,0.12296070970820373,0.12311525317855843,0.12298375678175116,0.12298375678175116,0.12298375692917807,0.0,1.4742690401803316e-10,1.4742690401803316e-10,interval iteration
10,3,avoid_moving_seg1,288,0,0.14043050531832035,0.14043050531832035,0.14043050531832035,0.1404226628455011,0.1404226628455011,0.1404226628455011,0.0,0.0,0.0,interval iteration
10,3,avoid_moving_seg2,288,0,1.0,1.0,1.0,1.0,1.0,1.0,0.0,0.0,0.0,interval iteration
10,3,avoid_moving_seg3,288,0,0.9899788508824964,0.9899788508824964,0.9899788508824964,0.989976771363693,0.989976771363693,0.989976771363693,0.0,0.0,0.0,interval iteration
10,4,goal1,288,0,1.0,1.0,1.0,1.0,1.0,1.0,0.0,0.0,0.0,interval iteration
10,4,goal2,288,0,1.0,1.0,1.0,1.0,1.0,1.0,0.0,0.0,0.0,interval iteration
10,4,goal3,288,0,1.0,1.0,1.0,1.0,1.0,1.0,0.0,0.0,0.0,interval iteration
10,4,seq_1_before_2,288,0,0.6456765977998853,0.6456765977998867,0.6456765977998867,0.65252792992493,0.6525279299249296,0.6525279299249296,1.4432899320127035e-15,4.440892098500626e-16,0.0,interval iteration
10,4,seq_2_before_3,288,0,0.15827150763407735,0.1582715076340784,0.1627598959571489,0.15902754392900292,0.15902754392900278,0.15902754407691777,1.0547118733938987e-15,1.479148470373559e-10,1.47914985815234e-10,interval iteration
10,4,complete_sequence,288,0,0.12270821904091761,0.12270821904091835,0.12621109006520104,0.12323015535256421,0.12323015535256507,0.12323015549314098,7.355227538141662e-16,1.405767724449447e-10,1.4057591202210062e-10,interval iteration
10,4,avoid_moving_seg1,288,0,0.12256454476623291,0.12256454476623324,0.12256454476623324,0.12256196033140077,0.12256196033140054,0.12256196033140054,3.3306690738754696e-16,2.220446049250313e-16,0.0,interval iteration
10,4,avoid_moving_seg2,288,0,1.0,1.0,1.0,1.0,1.0,1.0,0.0,0.0,0.0,interval iteration
10,4,avoid_moving_seg3,288,0,0.9831584627274681,0.9831584627274681,0.9831584627274681,0.9830108000966681,0.9830108000966682,0.9830108000966682,0.0,1.1102230246251565e-16,0.0,interval iteration
10,5,goal1,288,0,1.0,1.0,1.0,1.0,1.0,1.0,0.0,0.0,0.0,interval iteration
10,5,goal2,288,0,1.0,1.0,1.0,1.0,1.0,1.0,0.0,0.0,0.0,interval iteration
10,5,goal3,288,0,1.0,1.0,1.0,1.0,1.0,1.0,0.0,0.0,0.0,interval iteration
10,5,seq_1_before_2,288,0,0.664224305949121,0.664224305949121,0.664224305949121,0.6645483184796832,0.6645483184796827,0.6645483184796827,0.0,5.551115123125783e-16,0.0,interval iteration
10,5,seq_2_before_3,288,0,0.15750614673637842,0.1575061467363786,0.15770481608912168,0.1575392355758463,0.15753923557584631,0.157539235732576,1.942890293094024e-16,1.5672971254154788e-10,1.5672968478597227e-10,interval iteration
10,5,complete_sequence,288,0,0.12296070970820373,0.12296070970820373,0.12311525317855843,0.12298375678175116,0.12298375678175116,0.12298375692917807,0.0,1.4742690401803316e-10,1.4742690401803316e-10,interval iteration
10,5,avoid_moving_seg1,288,0,0.14043050531832035,0.14043050531832035,0.14043050531832035,0.1404226628455011,0.1404226628455011,0.1404226628455011,0.0,0.0,0.0,interval iteration
10,5,avoid_moving_seg2,288,0,1.0,1.0,1.0,1.0,1.0,1.0,0.0,0.0,0.0,interval iteration
10,5,avoid_moving_seg3,288,0,0.9899788508824964,0.9899788508824964,0.9899788508824964,0.989976771363693,0.989976771363693,0.989976771363693,0.0,0.0,0.0,interval iteration
11,1,goal1,288,0,1.0,1.0,1.0,1.0,1.0,1.0,0.0,0.0,0.0,interval iteration
11,1,goal2,288,0,1.0,1.0,1.0,1.0,1.0,1.0,0.0,0.0,0.0,interval iteration
11,1,goal3,288,0,1.0,1.0,1.0,1.0,1.0,1.0,0.0,0.0,0.0,interval iteration
11,1,seq_1_before_2,288,0,0.7238315265683312,0.7238315265683312,0.7238315265683312,0.7238315265683312,0.7238315265683312,0.7238315265683312,0.0,0.0,0.0,interval iteration
11,1,seq_2_before_3,288,0,0.017386660844576844,0.017386660844576848,0.017439542527411644,0.01738758133302574,0.01738758133302574,0.01738758178650257,3.469446951953614e-18,4.5347682900431785e-10,4.5347682900431785e-10,interval iteration
11,1,complete_sequence,288,0,0.012593099405491125,0.012593099405491128,0.01263133132787797,0.012593764891931241,0.012593764891931241,0.012593765219781616,3.469446951953614e-18,3.2785037532012673e-10,3.2785037532012673e-10,interval iteration
11,1,avoid_moving_seg1,288,0,0.9772752871942036,0.9772752871942036,0.9772752871942036,0.9772752621608988,0.9772752621608988,0.9772752621608988,0.0,0.0,0.0,interval iteration
11,1,avoid_moving_seg2,288,0,0.5333047656760161,0.5333047656760165,0.5333047656760165,0.5332654069586046,0.5332654069586045,0.5332654069586045,3.3306690738754696e-16,1.1102230246251565e-16,0.0,interval iteration
11,1,avoid_moving_seg3,288,0,0.8054821708058739,0.8054821708058738,0.8054821708058738,0.805451387522061,0.805451387522061,0.805451387522061,1.1102230246251565e-16,0.0,0.0,interval iteration
11,2,goal1,288,0,1.0,1.0,1.0,1.0,1.0,1.0,0.0,0.0,0.0,interval iteration
11,2,goal2,288,0,1.0,1.0,1.0,1.0,1.0,1.0,0.0,0.0,0.0,interval iteration
11,2,goal3,288,0,1.0,1.0,1.0,1.0,1.0,1.0,0.0,0.0,0.0,interval iteration
11,2,seq_1_before_2,288,0,0.7238315265683312,0.7238315265683312,0.7238315265683312,0.7238315265683312,0.7238315265683312,0.7238315265683312,0.0,0.0,0.0,interval iteration
11,2,seq_2_before_3,288,0,0.014557525740415984,0.014557525740415984,0.014602400860115772,0.014558292949702905,0.014558292949702904,0.014558293334771655,0.0,3.850687494560967e-10,3.850687511908202e-10,interval iteration
11,2,complete_sequence,288,0,0.012226311856496643,0.012226311856496646,0.01226370358263662,0.012226962718029227,0.012226962718029227,0.01222696303867632,3.469446951953614e-18,3.206470922112459e-10,3.206470922112459e-10,interval iteration
11,2,avoid_moving_seg1,288,0,0.8332675030216488,0.8332675030216488,0.8332675030216488,0.8332673604970267,0.8332673604970267,0.8332673604970267,0.0,0.0,0.0,interval iteration
11,2,avoid_moving_seg2,288,0,0.533378478174277,0.5333784781742765,0.5333784781742765,0.5333050784250517,0.5333050784250514,0.5333050784250514,4.440892098500626e-16,3.3306690738754696e-16,0.0,interval iteration
11,2,avoid_moving_seg3,288,0,0.819158270789967,0.819158270789967,0.819158270789967,0.8191276306638138,0.8191276306638138,0.8191276306638138,0.0,0.0,0.0,interval iteration
11,3,goal1,288,0,1.0,1.0,1.0,1.0,1.0,1.0,0.0,0.0,0.0,interval iteration
11,3,goal2,288,0,1.0,1.0,1.0,1.0,1.0,1.0,0.0,0.0,0.0,interval iteration
11,3,goal3,288,0,1.0,1.0,1.0,1.0,1.0,1.0,0.0,0.0,0.0,interval iteration
11,3,seq_1_before_2,288,0,0.7238315265683312,0.7238315265683312,0.7238315265683312,0.7238315265683312,0.7238315265683312,0.7238315265683312,0.0,0.0,0.0,interval iteration
11,3,seq_2_before_3,288,0,0.01690736112795502,0.016907361127955028,0.016959131162490038,0.01690826226645602,0.01690826226645602,0.016908262710402022,6.938893903907228e-18,4.4394600148822683e-10,4.4394600148822683e-10,interval iteration
11,3,complete_sequence,288,0,0.012226311856496643,0.012226311856496646,0.01226370358263662,0.012226962718029227,0.012226962718029227,0.01222696303867643,3.469446951953614e-18,3.2064720323354834e-10,3.2064720323354834e-10,interval iteration
11,3,avoid_moving_seg1,288,0,0.9623208869662282,0.9623208869662282,0.9623208869662282,0.9623208631767723,0.9623208631767723,0.9623208631767723,0.0,0.0,0.0,interval iteration
11,3,avoid_moving_seg2,288,0,0.5333370412400047,0.5333370412400043,0.5333370412400043,0.5333204555354785,0.5333204555354781,0.5333204555354781,4.440892098500626e-16,3.3306690738754696e-16,0.0,interval iteration
11,3,avoid_moving_seg3,288,0,0.7778098170066126,0.7778098170066126,0.7778098170066126,0.7778017161212517,0.7778017161212518,0.7778017161212518,0.0,1.1102230246251565e-16,0.0,interval iteration
11,4,goal1,288,0,1.0,1.0,1.0,1.0,1.0,1.0,0.0,0.0,0.0,interval iteration
11,4,goal2,288,0,1.0,1.0,1.0,1.0,1.0,1.0,0.0,0.0,0.0,interval iteration
11,4,goal3,288,0,1.0,1.0,1.0,1.0,1.0,1.0,0.0,0.0,0.0,interval iteration
11,4,seq_1_before_2,288,0,0.7238315265683312,0.7238315265683312,0.7238315265683312,0.7238315265683312,0.7238315265683312,0.7238315265683312,0.0,0.0,0.0,interval iteration
11,4,seq_2_before_3,288,0,0.01638685838659248,0.016386858386592484,0.016433627105011617,0.016387672469155675,0.01638767246915568,0.016387672870199488,3.469446951953614e-18,4.010438127421967e-10,4.0104380927274974e-10,interval iteration
11,4,complete_sequence,288,0,0.012593099405491125,0.012593099405491128,0.012631331327878081,0.012593764891931241,0.012593764891931241,0.012593765219781838,3.469446951953614e-18,3.2785059736473166e-10,3.2785059736473166e-10,interval iteration
11,4,avoid_moving_seg1,288,0,0.8291794304041094,0.8291794304041094,0.8291794304041094,0.8291792415406262,0.8291792415406262,0.8291792415406262,0.0,0.0,0.0,interval iteration
11,4,avoid_moving_seg2,288,0,0.532893422007406,0.5328934220074064,0.5328934220074064,0.5328544843203448,0.5328544843203447,0.5328544843203447,4.440892098500626e-16,1.1102230246251565e-16,0.0,interval iteration
11,4,avoid_moving_seg3,288,0,0.819153281210236,0.819153281210236,0.819153281210236,0.8191242844272197,0.8191242844272197,0.8191242844272197,0.0,0.0,0.0,interval iteration
11,5,goal1,288,0,1.0,1.0,1.0,1.0,1.0,1.0,0.0,0.0,0.0,interval iteration
11,5,goal2,288,0,0.277812254018041,0.277812254018041,0.277812254018041,0.2778123647064502,0.2778123647064502,0.2778123647064502,0.0,0.0,0.0,interval iteration
11,5,goal3,288,0,0.20266247541341936,0.20266247541341936,0.20266247541341936,0.20266346202614383,0.20266346202614383,0.20266346202614383,0.0,0.0,0.0,interval iteration
11,5,seq_1_before_2,288,0,0.7238315265683312,0.7238315265683312,0.7238315265683312,0.7238315265683312,0.7238315265683312,0.7238315265683312,0.0,0.0,0.0,interval iteration
11,5,seq_2_before_3,288,0,0.0007536580121169432,0.0007536580121169434,0.0007812030358027577,0.0007536826068736929,0.0007536826068736928,0.0007536830172109044,2.168404344971009e-19,4.103372114750564e-10,4.1033721158347664e-10,interval iteration
11,5,complete_sequence,288,0,0.0006329686964861914,0.0006329686964861919,0.0006557876350727909,0.0006329896758730709,0.0006329896758730709,0.000632990015787871,4.336808689942018e-19,3.3991480008314923e-10,3.3991480008314923e-10,interval iteration
11,5,avoid_moving_seg1,288,0,0.8332675030216488,0.8332675030216488,0.8332675030216488,0.8332673604970267,0.8332673604970267,0.8332673604970267,0.0,0.0,0.0,interval iteration
11,5,avoid_moving_seg2,288,0,0.9994469799645826,0.9994469799645826,0.9994469799645826,0.999446900048914,0.999446900048914,0.999446900048914,0.0,0.0,0.0,interval iteration
11,5,avoid_moving_seg3,288,0,0.9995892686281366,0.9995892686281366,0.9995892686281366,0.9995891990282461,0.9995891990282461,0.9995891990282461,0.0,0.0,0.0,interval iteration
12,1,goal1,392,0,0.02614467375250349,0.02614467375250349,0.02614467375250349,0.02614474115117812,0.02614474115117812,0.02614474115117812,0.0,0.0,0.0,interval iteration
12,1,goal2,392,0,0.02614467375250349,0.02614467375250349,0.02614467375250349,0.02614474115117812,0.02614474115117812,0.02614474115117812,0.0,0.0,0.0,interval iteration
12,1,goal3,392,0,0.022094763591857042,0.022094763591857042,0.022094763591857042,0.02209703116154557,0.022097031161545568,0.022097031161545568,0.0,3.469446951953614e-18,0.0,interval iteration
12,1,seq_1_before_2,392,0,0.02614467375250349,0.02614467375250349,0.02614467375250349,0.02614474115117812,0.02614474115117812,0.02614474115117812,0.0,0.0,0.0,interval iteration
12,1,seq_2_before_3,392,0,0.004990626326080461,0.004990626326080467,0.004993485158916844,0.004991217588598183,0.004991217588598185,0.0049912175892283805,6.071532165918825e-18,6.301972832467584e-13,6.301955485232824e-13,interval iteration
12,1,complete_sequence,392,0,0.004990626326080461,0.004990626326080467,0.004993485158916844,0.004991217588598183,0.004991217588598185,0.0049912175892283805,6.071532165918825e-18,6.301972832467584e-13,6.301955485232824e-13,interval iteration
12,1,avoid_moving_seg1,392,0,1.0,1.0,1.0,1.0,1.0,1.0,0.0,0.0,0.0,interval iteration
12,1,avoid_moving_seg2,392,0,0.996396044353121,0.996396044353121,0.996396044353121,0.9963960413148749,0.9963960413148749,0.9963960413148749,0.0,0.0,0.0,interval iteration
12,1,avoid_moving_seg3,392,0,1.0,1.0,1.0,1.0,1.0,1.0,0.0,0.0,0.0,interval iteration
12,2,goal1,392,0,0.02614467375250349,0.02614467375250349,0.02614467375250349,0.02614474115117812,0.02614474115117812,0.02614474115117812,0.0,0.0,0.0,interval iteration
12,2,goal2,392,0,0.022476537881163914,0.022476537881163914,0.022476537881163914,0.022476606921852993,0.022476606921852993,0.022476606921852993,0.0,0.0,0.0,interval iteration
12,2,goal3,392,0,0.002957670675153174,0.002957670675153174,0.002957670675153174,0.0029576795081077785,0.0029576795081077793,0.0029576795081077793,0.0,8.673617379884035e-19,0.0,interval iteration
12,2,seq_1_before_2,392,0,0.02614467375250349,0.02614467375250349,0.02614467375250349,0.02614474115117812,0.02614474115117812,0.02614474115117812,0.0,0.0,0.0,interval iteration
12,2,seq_2_before_3,392,0,0.02046237561867913,0.020462375618679134,0.02046286352450022,0.020462435022068244,0.020462435022068244,0.020462435028772652,3.469446951953614e-18,6.7044078622124914e-12,6.7044078622124914e-12,interval iteration
12,2,complete_sequence,392,0,0.02046237561867913,0.020462375618679134,0.02046286352450022,0.020462435022068244,0.020462435022068244,0.020462435028772652,3.469446951953614e-18,6.7044078622124914e-12,6.7044078622124914e-12,interval iteration
12,2,avoid_moving_seg1,392,0,1.0,1.0,1.0,1.0,1.0,1.0,0.0,0.0,0.0,interval iteration
12,2,avoid_moving_seg2,392,0,0.996331877054783,0.996331877054783,0.996331877054783,0.9963318657779748,0.9963318657779748,0.9963318657779748,0.0,0.0,0.0,interval iteration
12,2,avoid_moving_seg3,392,0,1.0,1.0,1.0,1.0,1.0,1.0,0.0,0.0,0.0,interval iteration
12,3,goal1,392,0,0.02614467375250349,0.02614467375250349,0.02614467375250349,0.02614474115117812,0.02614474115117812,0.02614474115117812,0.0,0.0,0.0,interval iteration
12,3,goal2,392,0,0.02046237561867913,0.02046237561867913,0.02046237561867913,0.020462435022068244,0.020462435022068244,0.020462435022068244,0.0,0.0,0.0,interval iteration
12,3,goal3,392,0,0.002957670675153174,0.002957670675153174,0.002957670675153174,0.0029576795081077785,0.0029576795081077793,0.0029576795081077793,0.0,8.673617379884035e-19,0.0,interval iteration
12,3,seq_1_before_2,392,0,0.02614467375250349,0.02614467375250349,0.02614467375250349,0.02614474115117812,0.02614474115117812,0.02614474115117812,0.0,0.0,0.0,interval iteration
12,3,seq_2_before_3,392,0,0.02046237561867913,0.020462375618679134,0.02046286352450022,0.020462435022068244,0.020462435022068244,0.020462435028772652,3.469446951953614e-18,6.7044078622124914e-12,6.7044078622124914e-12,interval iteration
12,3,complete_sequence,392,0,0.02046237561867913,0.020462375618679134,0.02046286352450022,0.020462435022068244,0.020462435022068244,0.020462435028772652,3.469446951953614e-18,6.7044078622124914e-12,6.7044078622124914e-12,interval iteration
12,3,avoid_moving_seg1,392,0,1.0,1.0,1.0,1.0,1.0,1.0,0.0,0.0,0.0,interval iteration
12,3,avoid_moving_seg2,392,0,0.996331877054783,0.996331877054783,0.996331877054783,0.9963318657779748,0.9963318657779748,0.9963318657779748,0.0,0.0,0.0,interval iteration
12,3,avoid_moving_seg3,392,0,1.0,1.0,1.0,1.0,1.0,1.0,0.0,0.0,0.0,interval iteration
12,4,goal1,392,0,0.02614467375250349,0.02614467375250349,0.02614467375250349,0.02614474115117812,0.02614474115117812,0.02614474115117812,0.0,0.0,0.0,interval iteration
12,4,goal2,392,0,0.02046237561867913,0.02046237561867913,0.02046237561867913,0.020462435022068244,0.020462435022068244,0.020462435022068244,0.0,0.0,0.0,interval iteration
12,4,goal3,392,0,0.002957670675153174,0.002957670675153174,0.002957670675153174,0.0029576795081077785,0.0029576795081077793,0.0029576795081077793,0.0,8.673617379884035e-19,0.0,interval iteration
12,4,seq_1_before_2,392,0,0.02614467375250349,0.02614467375250349,0.02614467375250349,0.02614474115117812,0.02614474115117812,0.02614474115117812,0.0,0.0,0.0,interval iteration
12,4,seq_2_before_3,392,0,0.02046237561867913,0.020462375618679134,0.02046286352450022,0.020462435022068244,0.020462435022068244,0.020462435028772652,3.469446951953614e-18,6.7044078622124914e-12,6.7044078622124914e-12,interval iteration
12,4,complete_sequence,392,0,0.02046237561867913,0.020462375618679134,0.02046286352450022,0.020462435022068244,0.020462435022068244,0.020462435028772652,3.469446951953614e-18,6.7044078622124914e-12,6.7044078622124914e-12,interval iteration
12,4,avoid_moving_seg1,392,0,1.0,1.0,1.0,1.0,1.0,1.0,0.0,0.0,0.0,interval iteration
12,4,avoid_moving_seg2,392,0,0.996331877054783,0.996331877054783,0.996331877054783,0.9963318657779748,0.9963318657779748,0.9963318657779748,0.0,0.0,0.0,interval iteration
12,4,avoid_moving_seg3,392,0,1.0,1.0,1.0,1.0,1.0,1.0,0.0,0.0,0.0,interval iteration
12,5,goal1,392,0,0.02614467375250349,0.02614467375250349,0.02614467375250349,0.02614474115117812,0.02614474115117812,0.02614474115117812,0.0,0.0,0.0,interval iteration
12,5,goal2,392,0,0.02046237561867913,0.02046237561867913,0.02046237561867913,0.020462435022068244,0.020462435022068244,0.020462435022068244,0.0,0.0,0.0,interval iteration
12,5,goal3,392,0,0.002957670675153174,0.002957670675153174,0.002957670675153174,0.0029576795081077785,0.0029576795081077793,0.0029576795081077793,0.0,8.673617379884035e-19,0.0,interval iteration
12,5,seq_1_before_2,392,0,0.02614467375250349,0.02614467375250349,0.02614467375250349,0.02614474115117812,0.02614474115117812,0.02614474115117812,0.0,0.0,0.0,interval iteration
12,5,seq_2_before_3,392,0,0.02046237561867913,0.020462375618679134,0.02046286352450022,0.020462435022068244,0.020462435022068244,0.020462435028772652,3.469446951953614e-18,6.7044078622124914e-12,6.7044078622124914e-12,interval iteration
12,5,complete_sequence,392,0,0.02046237561867913,0.020462375618679134,0.02046286352450022,0.020462435022068244,0.020462435022068244,0.020462435028772652,3.469446951953614e-18,6.7044078622124914e-12,6.7044078622124914e-12,interval iteration
12,5,avoid_moving_seg1,392,0,1.0,1.0,1.0,1.0,1.0,1.0,0.0,0.0,0.0,interval iteration
12,5,avoid_moving_seg2,392,0,0.996331877054783,0.996331877054783,0.996331877054783,0.9963318657779748,0.9963318657779748,0.9963318657779748,0.0,0.0,0.0,interval iteration
12,5,avoid_moving_seg3,392,0,1.0,1.0,1.0,1.0,1.0,1.0,0.0,0.0,0.0,interval iteration
13,1,goal1,392,0,0.03576861424544387,0.03576861424544387,0.03576861424544387,0.035768614245443905,0.035768614245443905,0.035768614245443905,0.0,0.0,0.0,interval iteration
13,1,goal2,392,0,0.10616107761340879,0.10616107761340879,0.10616107761340879,0.10616110902522917,0.10616110902522917,0.10616110902522917,0.0,0.0,0.0,interval iteration
13,1,goal3,392,0,0.02035148870975869,0.02035148870975869,0.02035148870975869,0.020351546332125856,0.020351546332125856,0.020351546332125856,0.0,0.0,0.0,interval iteration
13,1,seq_1_before_2,392,0,0.009143343126642944,0.009143343126642944,0.009143343126642944,0.009143343126642951,0.009143343126642951,0.009143343126642951,0.0,0.0,0.0,interval iteration
13,1,seq_2_before_3,392,0,0.005418608748519681,0.005418608748519681,0.00541946730220666,0.005418626401441788,0.005418626401441787,0.005418626406126892,0.0,4.685103867363427e-12,4.685104734725165e-12,interval iteration
13,1,complete_sequence,392,0,0.0013851326727430666,0.0013851326727430666,0.0013857388606757226,0.0013851350272674554,0.0013851350272674554,0.0013851350312317212,0.0,3.964265764613839e-12,3.964265764613839e-12,interval iteration
13,1,avoid_moving_seg1,392,0,0.9967713403341665,0.9967713403341665,0.9967713403341665,0.9967713296082763,0.9967713296082763,0.9967713296082763,0.0,0.0,0.0,interval iteration
13,1,avoid_moving_seg2,392,0,0.973739562262182,0.973739562262182,0.973739562262182,0.9737394123373218,0.9737394123373218,0.9737394123373218,0.0,0.0,0.0,interval iteration
13,1,avoid_moving_seg3,392,0,0.9940973232917414,0.9940973232917414,0.9940973232917414,0.9940972067103603,0.9940972067103603,0.9940972067103603,0.0,0.0,0.0,interval iteration
13,2,goal1,392,0,0.03576861424544387,0.03576861424544387,0.03576861424544387,0.035768614245443905,0.035768614245443905,0.035768614245443905,0.0,0.0,0.0,interval iteration
13,2,goal2,392,0,0.10616107761340879,0.10616107761340879,0.10616107761340879,0.10616110902522917,0.10616110902522917,0.10616110902522917,0.0,0.0,0.0,interval iteration
13,2,goal3,392,0,0.02035148870975869,0.02035148870975869,0.02035148870975869,0.020351546332125856,0.020351546332125856,0.020351546332125856,0.0,0.0,0.0,interval iteration
13,2,seq_1_before_2,392,0,0.009143343126642944,0.009143343126642944,0.009143343126642944,0.009143343126642951,0.009143343126642951,0.009143343126642951,0.0,0.0,0.0,interval iteration
13,2,seq_2_before_3,392,0,0.005418608748519681,0.005418608748519681,0.00541946730220666,0.005418626401441788,0.005418626401441787,0.005418626406126892,0.0,4.685103867363427e-12,4.685104734725165e-12,interval iteration
13,2,complete_sequence,392,0,0.0013851326727430666,0.0013851326727430666,0.0013857388606757226,0.0013851350272674554,0.0013851350272674554,0.0013851350312317212,0.0,3.964265764613839e-12,3.964265764613839e-12,interval iteration
13,2,avoid_moving_seg1,392,0,0.9967713403341665,0.9967713403341665,0.9967713403341665,0.9967713296082763,0.9967713296082763,0.9967713296082763,0.0,0.0,0.0,interval iteration
13,2,avoid_moving_seg2,392,0,0.973739562262182,0.973739562262182,0.973739562262182,0.9737394123373218,0.9737394123373218,0.9737394123373218,0.0,0.0,0.0,interval iteration
13,2,avoid_moving_seg3,392,0,0.9940973232917414,0.9940973232917414,0.9940973232917414,0.9940972067103603,0.9940972067103603,0.9940972067103603,0.0,0.0,0.0,interval iteration
13,3,goal1,392,0,0.03576861424544387,0.03576861424544387,0.03576861424544387,0.035768614245443905,0.035768614245443905,0.035768614245443905,0.0,0.0,0.0,interval iteration
13,3,goal2,392,0,0.10734289295480101,0.10734289295480101,0.10734289295480101,0.10734307200060658,0.10734307200060658,0.10734307200060658,0.0,0.0,0.0,interval iteration
13,3,goal3,392,0,0.02486391526581454,0.02486391526581454,0.02486391526581454,0.024864050207882384,0.024864050207882384,0.024864050207882384,0.0,0.0,0.0,interval iteration
13,3,seq_1_before_2,392,0,0.009143343126642944,0.009143343126642944,0.009143343126642944,0.009143343126642951,0.009143343126642951,0.009143343126642951,0.0,0.0,0.0,interval iteration
13,3,seq_2_before_3,392,0,0.007056305360338057,0.007056305360338057,0.0070568624262208335,0.00705636395615717,0.00705636395615717,0.00705636396007836,0.0,3.9211897617796865e-12,3.9211897617796865e-12,interval iteration
13,3,complete_sequence,392,0,0.0018037730105788358,0.0018037730105788358,0.0018040317561336394,0.0018037812827008358,0.0018037812827008358,0.0018037812842109924,0.0,1.5101565831177055e-12,1.5101565831177055e-12,interval iteration
13,3,avoid_moving_seg1,392,0,0.9967713403341665,0.9967713403341665,0.9967713403341665,0.9967713296082763,0.9967713296082763,0.9967713296082763,0.0,0.0,0.0,interval iteration
13,3,avoid_moving_seg2,392,0,0.9756316915610496,0.9756316915610496,0.9756316915610496,0.9756313153764515,0.9756313153764515,0.9756313153764515,0.0,0.0,0.0,interval iteration
13,3,avoid_moving_seg3,392,0,0.9897848861395856,0.9897848861395856,0.9897848861395856,0.9897842402366265,0.9897842402366265,0.9897842402366265,0.0,0.0,0.0,interval iteration
13,4,goal1,392,0,0.03576861424544387,0.03576861424544387,0.03576861424544387,0.035768614245443905,0.035768614245443905,0.035768614245443905,0.0,0.0,0.0,interval iteration
13,4,goal2,392,0,0.10734289295480101,0.10734289295480101,0.10734289295480101,0.10734307200060658,0.10734307200060658,0.10734307200060658,0.0,0.0,0.0,interval iteration
13,4,goal3,392,0,0.02486391526581454,0.02486391526581454,0.02486391526581454,0.024864050207882384,0.024864050207882384,0.024864050207882384,0.0,0.0,0.0,interval iteration
13,4,seq_1_before_2,392,0,0.009143343126642944,0.009143343126642944,0.009143343126642944,0.009143343126642951,0.009143343126642951,0.009143343126642951,0.0,0.0,0.0,interval iteration
13,4,seq_2_before_3,392,0,0.007056305360338057,0.007056305360338057,0.0070568624262208335,0.00705636395615717,0.00705636395615717,0.00705636396007836,0.0,3.9211897617796865e-12,3.9211897617796865e-12,interval iteration
13,4,complete_sequence,392,0,0.0018037730105788358,0.0018037730105788358,0.0018040317561336394,0.0018037812827008358,0.0018037812827008358,0.0018037812842109924,0.0,1.5101565831177055e-12,1.5101565831177055e-12,interval iteration
13,4,avoid_moving_seg1,392,0,0.9967713403341665,0.9967713403341665,0.9967713403341665,0.9967713296082763,0.9967713296082763,0.9967713296082763,0.0,0.0,0.0,interval iteration
13,4,avoid_moving_seg2,392,0,0.9756316915610496,0.9756316915610496,0.9756316915610496,0.9756313153764515,0.9756313153764515,0.9756313153764515,0.0,0.0,0.0,interval iteration
13,4,avoid_moving_seg3,392,0,0.9897848861395856,0.9897848861395856,0.9897848861395856,0.9897842402366265,0.9897842402366265,0.9897842402366265,0.0,0.0,0.0,interval iteration
13,5,goal1,392,0,0.03576861424544387,0.03576861424544387,0.03576861424544387,0.035768614245443905,0.035768614245443905,0.035768614245443905,0.0,0.0,0.0,interval iteration
13,5,goal2,392,0,0.10734289295480101,0.10734289295480101,0.10734289295480101,0.10734307200060658,0.10734307200060658,0.10734307200060658,0.0,0.0,0.0,interval iteration
13,5,goal3,392,0,0.02486391526581454,0.02486391526581454,0.02486391526581454,0.024864050207882384,0.024864050207882384,0.024864050207882384,0.0,0.0,0.0,interval iteration
13,5,seq_1_before_2,392,0,0.009143343126642944,0.009143343126642944,0.009143343126642944,0.009143343126642951,0.009143343126642951,0.009143343126642951,0.0,0.0,0.0,interval iteration
13,5,seq_2_before_3,392,0,0.007056305360338057,0.007056305360338057,0.0070568624262208335,0.00705636395615717,0.00705636395615717,0.00705636396007836,0.0,3.9211897617796865e-12,3.9211897617796865e-12,interval iteration
13,5,complete_sequence,392,0,0.0018037730105788358,0.0018037730105788358,0.0018040317561336394,0.0018037812827008358,0.0018037812827008358,0.0018037812842109924,0.0,1.5101565831177055e-12,1.5101565831177055e-12,interval iteration
13,5,avoid_moving_seg1,392,0,0.9967713403341665,0.9967713403341665,0.9967713403341665,0.9967713296082763,0.9967713296082763,0.9967713296082763,0.0,0.0,0.0,interval iteration
13,5,avoid_moving_seg2,392,0,0.9756316915610496,0.9756316915610496,0.9756316915610496,0.9756313153764515,0.9756313153764515,0.9756313153764515,0.0,0.0,0.0,interval iteration
13,5,avoid_moving_seg3,392,0,0.9897848861395856,0.9897848861395856,0.9897848861395856,0.9897842402366265,0.9897842402366265,0.9897842402366265,0.0,0.0,0.0,interval iteration
14,1,goal1,392,0,0.5807040043543757,0.5807040043543757,0.5807040043543757,0.5807040356122724,0.5807040356122724,0.5807040356122724,0.0,0.0,0.0,interval iteration
14,1,goal2,392,0,0.22323704361580776,0.22323704361580776,0.22323704361580776,0.22323726967883673,0.22323726967883673,0.22323726967883673,0.0,0.0,0.0,interval iteration
14,1,goal3,392,0,0.0,0.0,0.0,0.0,0.0,0.0,0.0,0.0,0.0,interval iteration
14,1,seq_1_before_2,392,0,0.5585182169753714,0.5585182169753714,0.5585182169753714,0.5585182169753714,0.5585182169753714,0.5585182169753714,0.0,0.0,0.0,interval iteration
14,1,seq_2_before_3,392,0,0.0,0.0,0.0,0.0,0.0,0.0,0.0,0.0,0.0,interval iteration
14,1,complete_sequence,392,0,0.0,0.0,0.0,0.0,0.0,0.0,0.0,0.0,0.0,interval iteration
14,1,avoid_moving_seg1,392,0,0.5790826326016687,0.5790826326016687,0.5790826326016687,0.579081897410416,0.5790818974104159,0.5790818974104159,0.0,1.1102230246251565e-16,0.0,interval iteration
14,1,avoid_moving_seg2,392,0,1.0,1.0,1.0,1.0,1.0,1.0,0.0,0.0,0.0,interval iteration
14,1,avoid_moving_seg3,392,0,1.0,1.0,1.0,1.0,1.0,1.0,0.0,0.0,0.0,interval iteration
14,2,goal1,392,0,1.0,1.0,1.0,1.0,1.0,1.0,0.0,0.0,0.0,interval iteration
14,2,goal2,392,0,0.39559117683310885,0.39559117683310885,0.39559117683310885,0.39559149600946814,0.3955914960094682,0.3955914960094682,0.0,5.551115123125783e-17,0.0,interval iteration
14,2,goal3,392,0,0.0,0.0,0.0,0.0,0.0,0.0,0.0,0.0,0.0,interval iteration
14,2,seq_1_before_2,392,0,0.6044085039780877,0.6044085039780877,0.6044085039780877,0.6044085039780878,0.6044085039780878,0.6044085039780878,0.0,0.0,0.0,interval iteration
14,2,seq_2_before_3,392,0,0.0,0.0,0.0,0.0,0.0,0.0,0.0,0.0,0.0,interval iteration
14,2,complete_sequence,392,0,0.0,0.0,0.0,0.0,0.0,0.0,0.0,0.0,0.0,interval iteration
14,2,avoid_moving_seg1,392,0,0.7232722861149307,0.7232722861149307,0.7232722861149307,0.723272028718398,0.723272028718398,0.723272028718398,0.0,0.0,0.0,interval iteration
14,2,avoid_moving_seg2,392,0,1.0,1.0,1.0,1.0,1.0,1.0,0.0,0.0,0.0,interval iteration
14,2,avoid_moving_seg3,392,0,1.0,1.0,1.0,1.0,1.0,1.0,0.0,0.0,0.0,interval iteration
14,3,goal1,392,0,1.0,1.0,1.0,1.0,1.0,1.0,0.0,0.0,0.0,interval iteration
14,3,goal2,392,0,0.39559117683310885,0.39559117683310885,0.39559117683310885,0.39559149600946814,0.3955914960094682,0.3955914960094682,0.0,5.551115123125783e-17,0.0,interval iteration
14,3,goal3,392,0,0.0,0.0,0.0,0.0,0.0,0.0,0.0,0.0,0.0,interval iteration
14,3,seq_1_before_2,392,0,0.6044085039780877,0.6044085039780877,0.6044085039780877,0.6044085039780878,0.6044085039780878,0.6044085039780878,0.0,0.0,0.0,interval iteration
14,3,seq_2_before_3,392,0,0.0,0.0,0.0,0.0,0.0,0.0,0.0,0.0,0.0,interval iteration
14,3,complete_sequence,392,0,0.0,0.0,0.0,0.0,0.0,0.0,0.0,0.0,0.0,interval iteration
14,3,avoid_moving_seg1,392,0,0.7232722861149307,0.7232722861149307,0.7232722861149307,0.723272028718398,0.723272028718398,0.723272028718398,0.0,0.0,0.0,interval iteration
14,3,avoid_moving_seg2,392,0,1.0,1.0,1.0,1.0,1.0,1.0,0.0,0.0,0.0,interval iteration
14,3,avoid_moving_seg3,392,0,1.0,1.0,1.0,1.0,1.0,1.0,0.0,0.0,0.0,interval iteration
14,4,goal1,392,0,1.0,1.0,1.0,1.0,1.0,1.0,0.0,0.0,0.0,interval iteration
14,4,goal2,392,0,0.39559117683310885,0.39559117683310885,0.39559117683310885,0.39559149600946814,0.3955914960094682,0.3955914960094682,0.0,5.551115123125783e-17,0.0,interval iteration
14,4,goal3,392,0,0.0,0.0,0.0,0.0,0.0,0.0,0.0,0.0,0.0,interval iteration
14,4,seq_1_before_2,392,0,0.6044085039780877,0.6044085039780877,0.6044085039780877,0.6044085039780878,0.6044085039780878,0.6044085039780878,0.0,0.0,0.0,interval iteration
14,4,seq_2_before_3,392,0,0.0,0.0,0.0,0.0,0.0,0.0,0.0,0.0,0.0,interval iteration
14,4,complete_sequence,392,0,0.0,0.0,0.0,0.0,0.0,0.0,0.0,0.0,0.0,interval iteration
14,4,avoid_moving_seg1,392,0,0.7232722861149307,0.7232722861149307,0.7232722861149307,0.723272028718398,0.723272028718398,0.723272028718398,0.0,0.0,0.0,interval iteration
14,4,avoid_moving_seg2,392,0,1.0,1.0,1.0,1.0,1.0,1.0,0.0,0.0,0.0,interval iteration
14,4,avoid_moving_seg3,392,0,1.0,1.0,1.0,1.0,1.0,1.0,0.0,0.0,0.0,interval iteration
14,5,goal1,392,0,1.0,1.0,1.0,1.0,1.0,1.0,0.0,0.0,0.0,interval iteration
14,5,goal2,392,0,0.39559117683310885,0.39559117683310885,0.39559117683310885,0.39559149600946814,0.3955914960094682,0.3955914960094682,0.0,5.551115123125783e-17,0.0,interval iteration
14,5,goal3,392,0,0.0,0.0,0.0,0.0,0.0,0.0,0.0,0.0,0.0,interval iteration
14,5,seq_1_before_2,392,0,0.6044085039780877,0.6044085039780877,0.6044085039780877,0.6044085039780878,0.6044085039780878,0.6044085039780878,0.0,0.0,0.0,interval iteration
14,5,seq_2_before_3,392,0,0.0,0.0,0.0,0.0,0.0,0.0,0.0,0.0,0.0,interval iteration
14,5,complete_sequence,392,0,0.0,0.0,0.0,0.0,0.0,0.0,0.0,0.0,0.0,interval iteration
14,5,avoid_moving_seg1,392,0,0.7232722861149307,0.7232722861149307,0.7232722861149307,0.723272028718398,0.723272028718398,0.723272028718398,0.0,0.0,0.0,interval iteration
14,5,avoid_moving_seg2,392,0,1.0,1.0,1.0,1.0,1.0,1.0,0.0,0.0,0.0,interval iteration
14,5,avoid_moving_seg3,392,0,1.0,1.0,1.0,1.0,1.0,1.0,0.0,0.0,0.0,interval iteration
15,1,goal1,392,0,1.3979138331378517e-05,1.3979138331378515e-05,1.3979138331378515e-05,1.3979300681929909e-05,1.3979300681929909e-05,1.3979300681929909e-05,1.6940658945086007e-21,0.0,0.0,interval iteration
15,1,goal2,392,0,8.720110572784518e-08,8.720110572784517e-08,8.720110572784517e-08,8.721081007249814e-08,8.721081007249816e-08,8.721081007249816e-08,1.3234889800848443e-23,1.3234889800848443e-23,0.0,interval iteration
15,1,goal3,392,0,0.0,0.0,0.0,0.0,0.0,0.0,0.0,0.0,0.0,interval iteration
15,1,seq_1_before_2,392,0,1.3979138331378517e-05,1.3979138331378515e-05,1.3979138331378515e-05,1.3979300681929909e-05,1.3979300681929909e-05,1.3979300681929909e-05,1.6940658945086007e-21,0.0,0.0,interval iteration
15,1,seq_2_before_3,392,0,8.720110572784518e-08,8.720110572784518e-08,8.76430994445343e-08,8.721081007249814e-08,8.721081007249816e-08,8.721081234952521e-08,0.0,2.277027069268402e-15,2.2770270560335123e-15,interval iteration
15,1,complete_sequence,392,0,8.720110572784518e-08,8.720110572784518e-08,8.76430994445343e-08,8.721081007249814e-08,8.721081007249816e-08,8.721081234952521e-08,0.0,2.277027069268402e-15,2.2770270560335123e-15,interval iteration
15,1,avoid_moving_seg1,392,0,1.0,1.0,1.0,1.0,1.0,1.0,0.0,0.0,0.0,interval iteration
15,1,avoid_moving_seg2,392,0,1.0,1.0,1.0,1.0,1.0,1.0,0.0,0.0,0.0,interval iteration
15,1,avoid_moving_seg3,392,0,1.0,1.0,1.0,1.0,1.0,1.0,0.0,0.0,0.0,interval iteration
15,2,goal1,392,0,1.3979138331378517e-05,1.3979138331378515e-05,1.3979138331378515e-05,1.3979300681929909e-05,1.3979300681929909e-05,1.3979300681929909e-05,1.6940658945086007e-21,0.0,0.0,interval iteration
15,2,goal2,392,0,8.720110572784518e-08,8.720110572784517e-08,8.720110572784517e-08,8.721081007249814e-08,8.721081007249816e-08,8.721081007249816e-08,1.3234889800848443e-23,1.3234889800848443e-23,0.0,interval iteration
15,2,goal3,392,0,0.0,0.0,0.0,0.0,0.0,0.0,0.0,0.0,0.0,interval iteration
15,2,seq_1_before_2,392,0,1.3979138331378517e-05,1.3979138331378515e-05,1.3979138331378515e-05,1.3979300681929909e-05,1.3979300681929909e-05,1.3979300681929909e-05,1.6940658945086007e-21,0.0,0.0,interval iteration
15,2,seq_2_before_3,392,0,8.720110572784518e-08,8.720110572784518e-08,8.76430994445343e-08,8.721081007249814e-08,8.721081007249816e-08,8.721081234952521e-08,0.0,2.277027069268402e-15,2.2770270560335123e-15,interval iteration
15,2,complete_sequence,392,0,8.720110572784518e-08,8.720110572784518e-08,8.76430994445343e-08,8.721081007249814e-08,8.721081007249816e-08,8.721081234952521e-08,0.0,2.277027069268402e-15,2.2770270560335123e-15,interval iteration
15,2,avoid_moving_seg1,392,0,1.0,1.0,1.0,1.0,1.0,1.0,0.0,0.0,0.0,interval iteration
15,2,avoid_moving_seg2,392,0,1.0,1.0,1.0,1.0,1.0,1.0,0.0,0.0,0.0,interval iteration
15,2,avoid_moving_seg3,392,0,1.0,1.0,1.0,1.0,1.0,1.0,0.0,0.0,0.0,interval iteration
15,3,goal1,392,0,1.3979138331378517e-05,1.3979138331378515e-05,1.3979138331378515e-05,1.3979300681929909e-05,1.3979300681929909e-05,1.3979300681929909e-05,1.6940658945086007e-21,0.0,0.0,interval iteration
15,3,goal2,392,0,8.720110572784518e-08,8.720110572784517e-08,8.720110572784517e-08,8.721081007249814e-08,8.721081007249816e-08,8.721081007249816e-08,1.3234889800848443e-23,1.3234889800848443e-23,0.0,interval iteration
15,3,goal3,392,0,0.0,0.0,0.0,0.0,0.0,0.0,0.0,0.0,0.0,interval iteration
15,3,seq_1_before_2,392,0,1.3979138331378517e-05,1.3979138331378515e-05,1.3979138331378515e-05,1.3979300681929909e-05,1.3979300681929909e-05,1.3979300681929909e-05,1.6940658945086007e-21,0.0,0.0,interval iteration
15,3,seq_2_before_3,392,0,8.720110572784518e-08,8.720110572784518e-08,8.76430994445343e-08,8.721081007249814e-08,8.721081007249816e-08,8.721081234952521e-08,0.0,2.277027069268402e-15,2.2770270560335123e-15,interval iteration
15,3,complete_sequence,392,0,8.720110572784518e-08,8.720110572784518e-08,8.76430994445343e-08,8.721081007249814e-08,8.721081007249816e-08,8.721081234952521e-08,0.0,2.277027069268402e-15,2.2770270560335123e-15,interval iteration
15,3,avoid_moving_seg1,392,0,1.0,1.0,1.0,1.0,1.0,1.0,0.0,0.0,0.0,interval iteration
15,3,avoid_moving_seg2,392,0,1.0,1.0,1.0,1.0,1.0,1.0,0.0,0.0,0.0,interval iteration
15,3,avoid_moving_seg3,392,0,1.0,1.0,1.0,1.0,1.0,1.0,0.0,0.0,0.0,interval iteration
15,4,goal1,392,0,1.3979138331378517e-05,1.3979138331378515e-05,1.3979138331378515e-05,1.3979300681929909e-05,1.3979300681929909e-05,1.3979300681929909e-05,1.6940658945086007e-21,0.0,0.0,interval iteration
15,4,goal2,392,0,8.720110572784518e-08,8.720110572784517e-08,8.720110572784517e-08,8.721081007249814e-08,8.721081007249816e-08,8.721081007249816e-08,1.3234889800848443e-23,1.3234889800848443e-23,0.0,interval iteration
15,4,goal3,392,0,0.0,0.0,0.0,0.0,0.0,0.0,0.0,0.0,0.0,interval iteration
15,4,seq_1_before_2,392,0,1.3979138331378517e-05,1.3979138331378515e-05,1.3979138331378515e-05,1.3979300681929909e-05,1.3979300681929909e-05,1.3979300681929909e-05,1.6940658945086007e-21,0.0,0.0,interval iteration
15,4,seq_2_before_3,392,0,8.720110572784518e-08,8.720110572784518e-08,8.76430994445343e-08,8.721081007249814e-08,8.721081007249816e-08,8.721081234952521e-08,0.0,2.277027069268402e-15,2.2770270560335123e-15,interval iteration
15,4,complete_sequence,392,0,8.720110572784518e-08,8.720110572784518e-08,8.76430994445343e-08,8.721081007249814e-08,8.721081007249816e-08,8.721081234952521e-08,0.0,2.277027069268402e-15,2.2770270560335123e-15,interval iteration
15,4,avoid_moving_seg1,392,0,1.0,1.0,1.0,1.0,1.0,1.0,0.0,0.0,0.0,interval iteration
15,4,avoid_moving_seg2,392,0,1.0,1.0,1.0,1.0,1.0,1.0,0.0,0.0,0.0,interval iteration
15,4,avoid_moving_seg3,392,0,1.0,1.0,1.0,1.0,1.0,1.0,0.0,0.0,0.0,interval iteration
15,5,goal1,392,0,0.0,0.0,0.0,0.0,0.0,0.0,0.0,0.0,0.0,interval iteration
15,5,goal2,392,0,0.008125247716914913,0.008125247716914913,0.008125247716914913,0.008125306190290373,0.008125306190290373,0.008125306190290373,0.0,0.0,0.0,interval iteration
15,5,goal3,392,0,0.0,0.0,0.0,0.0,0.0,0.0,0.0,0.0,0.0,interval iteration
15,5,seq_1_before_2,392,0,0.0,0.0,0.0,0.0,0.0,0.0,0.0,0.0,0.0,interval iteration
15,5,seq_2_before_3,392,0,0.0,0.0,0.0,0.0,0.0,0.0,0.0,0.0,0.0,interval iteration
15,5,complete_sequence,392,0,0.0,0.0,0.0,0.0,0.0,0.0,0.0,0.0,0.0,interval iteration
15,5,avoid_moving_seg1,392,0,1.0,1.0,1.0,1.0,1.0,1.0,0.0,0.0,0.0,interval iteration
15,5,avoid_moving_seg2,392,0,1.0,1.0,1.0,1.0,1.0,1.0,0.0,0.0,0.0,interval iteration
15,5,avoid_moving_seg3,392,0,1.0,1.0,1.0,1.0,1.0,1.0,0.0,0.0,0.0,interval iteration
16,1,goal1,512,0,1.0,1.0,1.0,1.0,1.0,1.0,0.0,0.0,0.0,interval iteration
16,1,goal2,512,0,0.8229744274199806,0.8229744274199806,0.8229744274199806,0.823529411499373,0.8235294114993724,0.8235294114993724,0.0,5.551115123125783e-16,0.0,interval iteration
16,1,goal3,512,0,0.0,0.0,0.0,0.0,0.0,0.0,0.0,0.0,0.0,interval iteration
16,1,seq_1_before_2,512,0,1.0,1.0,1.0,1.0,1.0,1.0,0.0,0.0,0.0,interval iteration
16,1,seq_2_before_3,512,0,0.8229744274199806,0.8229744274199807,0.8236483369814318,0.823529411499373,0.8235294114993728,0.8235294117078453,1.1102230246251565e-16,2.084723504935937e-10,2.0847257253819862e-10,interval iteration
16,1,complete_sequence,512,0,0.8229744274199806,0.8229744274199807,0.8236483369814318,0.823529411499373,0.8235294114993728,0.8235294117078453,1.1102230246251565e-16,2.084723504935937e-10,2.0847257253819862e-10,interval iteration
16,1,avoid_moving_seg1,512,0,1.0,1.0,1.0,1.0,1.0,1.0,0.0,0.0,0.0,interval iteration
16,1,avoid_moving_seg2,512,0,1.0,1.0,1.0,1.0,1.0,1.0,0.0,0.0,0.0,interval iteration
16,1,avoid_moving_seg3,512,0,1.0,1.0,1.0,1.0,1.0,1.0,0.0,0.0,0.0,interval iteration
16,2,goal1,512,0,1.0,1.0,1.0,1.0,1.0,1.0,0.0,0.0,0.0,interval iteration
16,2,goal2,512,0,1.0,1.0,1.0,1.0,1.0,1.0,0.0,0.0,0.0,interval iteration
16,2,goal3,512,0,0.0,0.0,0.0,0.0,0.0,0.0,0.0,0.0,0.0,interval iteration
16,2,seq_1_before_2,512,0,1.0,1.0,1.0,1.0,1.0,1.0,0.0,0.0,0.0,interval iteration
16,2,seq_2_before_3,512,0,1.0,1.0,1.0,1.0,1.0,1.0,0.0,0.0,0.0,interval iteration
16,2,complete_sequence,512,0,1.0,1.0,1.0,1.0,1.0,1.0,0.0,0.0,0.0,interval iteration
16,2,avoid_moving_seg1,512,0,1.0,1.0,1.0,1.0,1.0,1.0,0.0,0.0,0.0,interval iteration
16,2,avoid_moving_seg2,512,0,1.0,1.0,1.0,1.0,1.0,1.0,0.0,0.0,0.0,interval iteration
16,2,avoid_moving_seg3,512,0,1.0,1.0,1.0,1.0,1.0,1.0,0.0,0.0,0.0,interval iteration
16,3,goal1,512,0,1.0,1.0,1.0,1.0,1.0,1.0,0.0,0.0,0.0,interval iteration
16,3,goal2,512,0,1.0,1.0,1.0,1.0,1.0,1.0,0.0,0.0,0.0,interval iteration
16,3,goal3,512,0,0.0,0.0,0.0,0.0,0.0,0.0,0.0,0.0,0.0,interval iteration
16,3,seq_1_before_2,512,0,1.0,1.0,1.0,1.0,1.0,1.0,0.0,0.0,0.0,interval iteration
16,3,seq_2_before_3,512,0,1.0,1.0,1.0,1.0,1.0,1.0,0.0,0.0,0.0,interval iteration
16,3,complete_sequence,512,0,1.0,1.0,1.0,1.0,1.0,1.0,0.0,0.0,0.0,interval iteration
16,3,avoid_moving_seg1,512,0,1.0,1.0,1.0,1.0,1.0,1.0,0.0,0.0,0.0,interval iteration
16,3,avoid_moving_seg2,512,0,1.0,1.0,1.0,1.0,1.0,1.0,0.0,0.0,0.0,interval iteration
16,3,avoid_moving_seg3,512,0,0.9312865231386556,0.9312865231386553,0.9312865231386553,0.9312408282400186,0.9312408282400186,0.9312408282400186,2.220446049250313e-16,0.0,0.0,interval iteration
16,4,goal1,512,0,1.0,1.0,1.0,1.0,1.0,1.0,0.0,0.0,0.0,interval iteration
16,4,goal2,512,0,1.0,1.0,1.0,1.0,1.0,1.0,0.0,0.0,0.0,interval iteration
16,4,goal3,512,0,0.0,0.0,0.0,0.0,0.0,0.0,0.0,0.0,0.0,interval iteration
16,4,seq_1_before_2,512,0,1.0,1.0,1.0,1.0,1.0,1.0,0.0,0.0,0.0,interval iteration
16,4,seq_2_before_3,512,0,1.0,1.0,1.0,1.0,1.0,1.0,0.0,0.0,0.0,interval iteration
16,4,complete_sequence,512,0,1.0,1.0,1.0,1.0,1.0,1.0,0.0,0.0,0.0,interval iteration
16,4,avoid_moving_seg1,512,0,1.0,1.0,1.0,1.0,1.0,1.0,0.0,0.0,0.0,interval iteration
16,4,avoid_moving_seg2,512,0,1.0,1.0,1.0,1.0,1.0,1.0,0.0,0.0,0.0,interval iteration
16,4,avoid_moving_seg3,512,0,1.0,1.0,1.0,1.0,1.0,1.0,0.0,0.0,0.0,interval iteration
16,5,goal1,512,0,1.0,1.0,1.0,1.0,1.0,1.0,0.0,0.0,0.0,interval iteration
16,5,goal2,512,0,1.0,1.0,1.0,1.0,1.0,1.0,0.0,0.0,0.0,interval iteration
16,5,goal3,512,0,0.0,0.0,0.0,0.0,0.0,0.0,0.0,0.0,0.0,interval iteration
16,5,seq_1_before_2,512,0,1.0,1.0,1.0,1.0,1.0,1.0,0.0,0.0,0.0,interval iteration
16,5,seq_2_before_3,512,0,1.0,1.0,1.0,1.0,1.0,1.0,0.0,0.0,0.0,interval iteration
16,5,complete_sequence,512,0,1.0,1.0,1.0,1.0,1.0,1.0,0.0,0.0,0.0,interval iteration
16,5,avoid_moving_seg1,512,0,1.0,1.0,1.0,1.0,1.0,1.0,0.0,0.0,0.0,interval iteration
16,5,avoid_moving_seg2,512,0,1.0,1.0,1.0,1.0,1.0,1.0,0.0,0.0,0.0,interval iteration
16,5,avoid_moving_seg3,512,0,1.0,1.0,1.0,1.0,1.0,1.0,0.0,0.0,0.0,interval iteration
17,1,goal1,512,0,0.0,0.0,0.0,0.0,0.0,0.0,0.0,0.0,0.0,interval iteration
17,1,goal2,512,0,0.0,0.0,0.0,0.0,0.0,0.0,0.0,0.0,0.0,interval iteration
17,1,goal3,512,0,0.0,0.0,0.0,0.0,0.0,0.0,0.0,0.0,0.0,interval iteration
17,1,seq_1_before_2,512,0,0.0,0.0,0.0,0.0,0.0,0.0,0.0,0.0,0.0,interval iteration
17,1,seq_2_before_3,512,0,0.0,0.0,0.0,0.0,0.0,0.0,0.0,0.0,0.0,interval iteration
17,1,complete_sequence,512,0,0.0,0.0,0.0,0.0,0.0,0.0,0.0,0.0,0.0,interval iteration
17,1,avoid_moving_seg1,512,0,0.0,0.0,0.0,0.0,0.0,0.0,0.0,0.0,0.0,interval iteration
17,1,avoid_moving_seg2,512,0,1.0,1.0,1.0,1.0,1.0,1.0,0.0,0.0,0.0,interval iteration
17,1,avoid_moving_seg3,512,0,1.0,1.0,1.0,1.0,1.0,1.0,0.0,0.0,0.0,interval iteration
17,2,goal1,512,0,0.0,0.0,0.0,0.0,0.0,0.0,0.0,0.0,0.0,interval iteration
17,2,goal2,512,0,0.0,0.0,0.0,0.0,0.0,0.0,0.0,0.0,0.0,interval iteration
17,2,goal3,512,0,0.0,0.0,0.0,0.0,0.0,0.0,0.0,0.0,0.0,interval iteration
17,2,seq_1_before_2,512,0,0.0,0.0,0.0,0.0,0.0,0.0,0.0,0.0,0.0,interval iteration
17,2,seq_2_before_3,512,0,0.0,0.0,0.0,0.0,0.0,0.0,0.0,0.0,0.0,interval iteration
17,2,complete_sequence,512,0,0.0,0.0,0.0,0.0,0.0,0.0,0.0,0.0,0.0,interval iteration
17,2,avoid_moving_seg1,512,0,0.0,0.0,0.0,0.0,0.0,0.0,0.0,0.0,0.0,interval iteration
17,2,avoid_moving_seg2,512,0,1.0,1.0,1.0,1.0,1.0,1.0,0.0,0.0,0.0,interval iteration
17,2,avoid_moving_seg3,512,0,1.0,1.0,1.0,1.0,1.0,1.0,0.0,0.0,0.0,interval iteration
17,3,goal1,512,0,0.0,0.0,0.0,0.0,0.0,0.0,0.0,0.0,0.0,interval iteration
17,3,goal2,512,0,0.0,0.0,0.0,0.0,0.0,0.0,0.0,0.0,0.0,interval iteration
17,3,goal3,512,0,0.0,0.0,0.0,0.0,0.0,0.0,0.0,0.0,0.0,interval iteration
17,3,seq_1_before_2,512,0,0.0,0.0,0.0,0.0,0.0,0.0,0.0,0.0,0.0,interval iteration
17,3,seq_2_before_3,512,0,0.0,0.0,0.0,0.0,0.0,0.0,0.0,0.0,0.0,interval iteration
17,3,complete_sequence,512,0,0.0,0.0,0.0,0.0,0.0,0.0,0.0,0.0,0.0,interval iteration
17,3,avoid_moving_seg1,512,0,0.0,0.0,0.0,0.0,0.0,0.0,0.0,0.0,0.0,interval iteration
17,3,avoid_moving_seg2,512,0,1.0,1.0,1.0,1.0,1.0,1.0,0.0,0.0,0.0,interval iteration
17,3,avoid_moving_seg3,512,0,1.0,1.0,1.0,1.0,1.0,1.0,0.0,0.0,0.0,interval iteration
17,4,goal1,512,0,0.0,0.0,0.0,0.0,0.0,0.0,0.0,0.0,0.0,interval iteration
17,4,goal2,512,0,0.0,0.0,0.0,0.0,0.0,0.0,0.0,0.0,0.0,interval iteration
17,4,goal3,512,0,0.0,0.0,0.0,0.0,0.0,0.0,0.0,0.0,0.0,interval iteration
17,4,seq_1_before_2,512,0,0.0,0.0,0.0,0.0,0.0,0.0,0.0,0.0,0.0,interval iteration
17,4,seq_2_before_3,512,0,0.0,0.0,0.0,0.0,0.0,0.0,0.0,0.0,0.0,interval iteration
17,4,complete_sequence,512,0,0.0,0.0,0.0,0.0,0.0,0.0,0.0,0.0,0.0,interval iteration
17,4,avoid_moving_seg1,512,0,0.0,0.0,0.0,0.0,0.0,0.0,0.0,0.0,0.0,interval iteration
17,4,avoid_moving_seg2,512,0,1.0,1.0,1.0,1.0,1.0,1.0,0.0,0.0,0.0,interval iteration
17,4,avoid_moving_seg3,512,0,1.0,1.0,1.0,1.0,1.0,1.0,0.0,0.0,0.0,interval iteration
17,5,goal1,512,0,0.0,0.0,0.0,0.0,0.0,0.0,0.0,0.0,0.0,interval iteration
17,5,goal2,512,0,0.0,0.0,0.0,0.0,0.0,0.0,0.0,0.0,0.0,interval iteration
17,5,goal3,512,0,0.0,0.0,0.0,0.0,0.0,0.0,0.0,0.0,0.0,interval iteration
17,5,seq_1_before_2,512,0,0.0,0.0,0.0,0.0,0.0,0.0,0.0,0.0,0.0,interval iteration
17,5,seq_2_before_3,512,0,0.0,0.0,0.0,0.0,0.0,0.0,0.0,0.0,0.0,interval iteration
17,5,complete_sequence,512,0,0.0,0.0,0.0,0.0,0.0,0.0,0.0,0.0,0.0,interval iteration
17,5,avoid_moving_seg1,512,0,0.0,0.0,0.0,0.0,0.0,0.0,0.0,0.0,0.0,interval iteration
17,5,avoid_moving_seg2,512,0,1.0,1.0,1.0,1.0,1.0,1.0,0.0,0.0,0.0,interval iteration
17,5,avoid_moving_seg3,512,0,1.0,1.0,1.0,1.0,1.0,1.0,0.0,0.0,0.0,interval iteration
18,1,goal1,512,0,0.014980378909014488,0.014980378909014488,0.014980378909014488,0.014980385071725819,0.014980385071725817,0.014980385071725817,0.0,1.734723475976807e-18,0.0,interval iteration
18,1,goal2,512,0,0.016439761833234458,0.016439761833234458,0.016439761833234458,0.01643976250990574,0.01643976250990574,0.01643976250990574,0.0,0.0,0.0,interval iteration
18,1,goal3,512,0,0.11915985707089706,0.11915985707089706,0.11915985707089706,0.11915985891776489,0.11915985891776489,0.11915985891776489,0.0,0.0,0.0,interval iteration
18,1,seq_1_before_2,512,0,0.0036319113929771407,0.0036319113929771402,0.0036319113929771402,0.003631916044537776,0.003631916044537776,0.003631916044537776,4.336808689942018e-19,0.0,0.0,interval iteration
18,1,seq_2_before_3,512,0,1.1917251825019823e-06,1.1917251825019823e-06,1.230216417846819e-06,1.191729550388752e-06,1.191729550388752e-06,1.191730076066655e-06,0.0,5.256779030185499e-13,5.256779030185499e-13,interval iteration
18,1,complete_sequence,512,0,7.32459993352976e-07,7.324599933529764e-07,7.691231009854249e-07,7.324632479828856e-07,7.324632479828857e-07,7.324637367744913e-07,4.235164736271502e-22,4.887916057284359e-13,4.887916056225567e-13,interval iteration
18,1,avoid_moving_seg1,512,0,0.9974906304049795,0.9974906304049795,0.9974906304049795,0.9974906253515271,0.9974906253515271,0.9974906253515271,0.0,0.0,0.0,interval iteration
18,1,avoid_moving_seg2,512,0,0.9990383060585706,0.9990383060585706,0.9990383060585706,0.9990383058964524,0.9990383058964524,0.9990383058964524,0.0,0.0,0.0,interval iteration
18,1,avoid_moving_seg3,512,0,0.9999942537964072,0.9999942537964072,0.9999942537964072,0.9999942537844804,0.9999942537844804,0.9999942537844804,0.0,0.0,0.0,interval iteration
18,2,goal1,512,0,0.008434982352444383,0.008434982352444383,0.008434982352444383,0.00843505389308096,0.008435053893080961,0.008435053893080961,0.0,1.734723475976807e-18,0.0,interval iteration
18,2,goal2,512,0,0.008837680946629756,0.008837680946629754,0.008837680946629754,0.008837687669786584,0.008837687669786584,0.008837687669786584,1.734723475976807e-18,0.0,0.0,interval iteration
18,2,goal3,512,0,0.11915985707089706,0.11915985707089706,0.11915985707089706,0.11915985891776489,0.11915985891776489,0.11915985891776489,0.0,0.0,0.0,interval iteration
18,2,seq_1_before_2,512,0,0.0040767496161885925,0.0040767496161885925,0.0040767496161885925,0.004076798323313355,0.004076798323313355,0.004076798323313355,0.0,0.0,0.0,interval iteration
18,2,seq_2_before_3,512,0,1.631334410753928e-06,1.6313344107539282e-06,1.699250288700327e-06,1.6313598084696428e-06,1.631359808469643e-06,1.6313612225538066e-06,2.117582368135751e-22,1.4140841637818165e-12,1.4140841635700582e-12,interval iteration
18,2,complete_sequence,512,0,1.2487307414401298e-06,1.2487307414401298e-06,1.310475293170299e-06,1.2487516901120583e-06,1.2487516901120585e-06,1.2487530347549125e-06,0.0,1.3446428541779231e-12,1.3446428539661649e-12,interval iteration
18,2,avoid_moving_seg1,512,0,0.9983156865886671,0.9983156865886671,0.9983156865886671,0.9983156813831963,0.9983156813831963,0.9983156813831963,0.0,0.0,0.0,interval iteration
18,2,avoid_moving_seg2,512,0,0.9994483914318252,0.9994483914318252,0.9994483914318252,0.9994483894270343,0.9994483894270343,0.9994483894270343,0.0,0.0,0.0,interval iteration
18,2,avoid_moving_seg3,512,0,0.9999967644945019,0.9999967644945019,0.9999967644945019,0.999996764459834,0.999996764459834,0.999996764459834,0.0,0.0,0.0,interval iteration
18,3,goal1,512,0,0.008434982352444383,0.008434982352444383,0.008434982352444383,0.00843505389308096,0.008435053893080961,0.008435053893080961,0.0,1.734723475976807e-18,0.0,interval iteration
18,3,goal2,512,0,0.008837680946629756,0.008837680946629754,0.008837680946629754,0.008837687669786584,0.008837687669786584,0.008837687669786584,1.734723475976807e-18,0.0,0.0,interval iteration
18,3,goal3,512,0,0.11915985707089706,0.11915985707089706,0.11915985707089706,0.11915985891776489,0.11915985891776489,0.11915985891776489,0.0,0.0,0.0,interval iteration
18,3,seq_1_before_2,512,0,0.0040767496161885925,0.0040767496161885925,0.0040767496161885925,0.004076798323313355,0.004076798323313355,0.004076798323313355,0.0,0.0,0.0,interval iteration
18,3,seq_2_before_3,512,0,1.631334410753928e-06,1.6313344107539282e-06,1.699250288700327e-06,1.6313598084696428e-06,1.631359808469643e-06,1.6313612225538066e-06,2.117582368135751e-22,1.4140841637818165e-12,1.4140841635700582e-12,interval iteration
18,3,complete_sequence,512,0,1.2487307414401298e-06,1.2487307414401298e-06,1.310475293170299e-06,1.2487516901120583e-06,1.2487516901120585e-06,1.2487530347549125e-06,0.0,1.3446428541779231e-12,1.3446428539661649e-12,interval iteration
18,3,avoid_moving_seg1,512,0,0.9983156865886671,0.9983156865886671,0.9983156865886671,0.9983156813831963,0.9983156813831963,0.9983156813831963,0.0,0.0,0.0,interval iteration
18,3,avoid_moving_seg2,512,0,0.9994483914318252,0.9994483914318252,0.9994483914318252,0.9994483894270343,0.9994483894270343,0.9994483894270343,0.0,0.0,0.0,interval iteration
18,3,avoid_moving_seg3,512,0,0.9999967644945019,0.9999967644945019,0.9999967644945019,0.999996764459834,0.999996764459834,0.999996764459834,0.0,0.0,0.0,interval iteration
18,4,goal1,512,0,0.009136636383031601,0.0091366363830316,0.0091366363830316,0.009136636383033175,0.009136636383033175,0.009136636383033175,1.734723475976807e-18,0.0,0.0,interval iteration
18,4,goal2,512,0,0.016722695644158046,0.016722695644158046,0.016722695644158046,0.016722695722771144,0.016722695722771144,0.016722695722771144,0.0,0.0,0.0,interval iteration
18,4,goal3,512,0,0.11915985707089706,0.11915985707089706,0.11915985707089706,0.11915985891776489,0.11915985891776489,0.11915985891776489,0.0,0.0,0.0,interval iteration
18,4,seq_1_before_2,512,0,0.005029902920697849,0.005029902920697849,0.005029902920697849,0.005029902920699316,0.005029902920699316,0.005029902920699316,0.0,0.0,0.0,interval iteration
18,4,seq_2_before_3,512,0,1.4586694412013458e-06,1.4586694412013454e-06,1.461586580320251e-06,1.4587018308906342e-06,1.4587018308906342e-06,1.458701893497505e-06,4.235164736271502e-22,6.260687074425035e-14,6.260687074425035e-14,interval iteration
18,4,complete_sequence,512,0,1.2686790839182158e-06,1.2686790839182158e-06,1.2712793043823112e-06,1.2687067326596973e-06,1.2687067326596977e-06,1.268706788515317e-06,0.0,5.585561962563189e-14,5.585561920211542e-14,interval iteration
18,4,avoid_moving_seg1,512,0,0.9992219825314338,0.9992219825314338,0.9992219825314338,0.9992219794345083,0.9992219794345083,0.9992219794345083,0.0,0.0,0.0,interval iteration
18,4,avoid_moving_seg2,512,0,0.9994241089725464,0.9994241089725464,0.9994241089725464,0.9994241083120123,0.9994241083120123,0.9994241083120123,0.0,0.0,0.0,interval iteration
18,4,avoid_moving_seg3,512,0,0.9999964954119749,0.9999964954119749,0.9999964954119749,0.999996495344976,0.999996495344976,0.999996495344976,0.0,0.0,0.0,interval iteration
18,5,goal1,512,0,0.006358976814590446,0.006358976814590445,0.006358976814590445,0.006358984323293569,0.006358984323293569,0.006358984323293569,8.673617379884035e-19,0.0,0.0,interval iteration
18,5,goal2,512,0,0.008549870614954474,0.008549870614954474,0.008549870614954474,0.008549871431659709,0.008549871431659709,0.008549871431659709,0.0,0.0,0.0,interval iteration
18,5,goal3,512,0,0.11915985707089706,0.11915985707089706,0.11915985707089706,0.11915985891776489,0.11915985891776489,0.11915985891776489,0.0,0.0,0.0,interval iteration
18,5,seq_1_before_2,512,0,0.0027340086931934024,0.0027340086931934024,0.0027340086931934024,0.002734014967294413,0.002734014967294413,0.002734014967294413,0.0,0.0,0.0,interval iteration
18,5,seq_2_before_3,512,0,1.0158764997618264e-06,1.0158764997618264e-06,1.0538177128704973e-06,1.0158818243427184e-06,1.0158818243427189e-06,1.0158824370609665e-06,0.0,6.127182480428152e-13,6.127182476192987e-13,interval iteration
18,5,complete_sequence,512,0,7.336789982986663e-07,7.33678998298666e-07,7.700083047845752e-07,7.336833170658012e-07,7.336833170658013e-07,7.336838955263048e-07,2.117582368135751e-22,5.784605035228066e-13,5.784605034169274e-13,interval iteration
18,5,avoid_moving_seg1,512,0,0.9979660598500493,0.9979660598500493,0.9979660598500493,0.9979660550043544,0.9979660550043544,0.9979660550043544,0.0,0.0,0.0,interval iteration
18,5,avoid_moving_seg2,512,0,0.9995850534876007,0.9995850534876007,0.9995850534876007,0.9995850532790613,0.9995850532790613,0.9995850532790613,0.0,0.0,0.0,interval iteration
18,5,avoid_moving_seg3,512,0,0.9999975608133683,0.9999975608133683,0.9999975608133683,0.9999975608040625,0.9999975608040625,0.9999975608040625,0.0,0.0,0.0,interval iteration
19,1,goal1,512,0,0.0034108668799809503,0.0034108668799809503,0.0034108668799809503,0.003410868150387246,0.003410868150387247,0.003410868150387247,0.0,8.673617379884035e-19,0.0,interval iteration
19,1,goal2,512,0,0.028209379166195883,0.028209379166195883,0.028209379166195883,0.02820937963643952,0.02820937963643952,0.02820937963643952,0.0,0.0,0.0,interval iteration
19,1,goal3,512,0,0.28338742563847774,0.28338742563847774,0.28338742563847774,0.28338744871208865,0.28338744871208865,0.28338744871208865,0.0,0.0,0.0,interval iteration
19,1,seq_1_before_2,512,0,0.0025581587236932412,0.0025581587236932412,0.0025581587236932412,0.002558159865610238,0.0025581598656102393,0.0025581598656102393,0.0,1.3010426069826053e-18,0.0,interval iteration
19,1,seq_2_before_3,512,0,0.0,0.0,0.0,0.0,0.0,0.0,0.0,0.0,0.0,interval iteration
19,1,complete_sequence,512,0,0.0,0.0,0.0,0.0,0.0,0.0,0.0,0.0,0.0,interval iteration
19,1,avoid_moving_seg1,512,0,0.004138957630459017,0.004138957630459128,0.004138957630459128,0.0041379311932892016,0.0041379311932892016,0.0041379311932892016,1.1102230246251565e-16,0.0,0.0,interval iteration
19,1,avoid_moving_seg2,512,0,0.9965891331200191,0.9965891331200191,0.9965891331200191,0.9965891318496127,0.9965891318496127,0.9965891318496127,0.0,0.0,0.0,interval iteration
19,1,avoid_moving_seg3,512,0,1.0,1.0,1.0,1.0,1.0,1.0,0.0,0.0,0.0,interval iteration
19,2,goal1,512,0,0.0034108668799809503,0.0034108668799809503,0.0034108668799809503,0.003410868150387246,0.003410868150387247,0.003410868150387247,0.0,8.673617379884035e-19,0.0,interval iteration
19,2,goal2,512,0,0.028209379166195883,0.028209379166195883,0.028209379166195883,0.02820937963643952,0.02820937963643952,0.02820937963643952,0.0,0.0,0.0,interval iteration
19,2,goal3,512,0,0.28338742563847774,0.28338742563847774,0.28338742563847774,0.28338744871208865,0.28338744871208865,0.28338744871208865,0.0,0.0,0.0,interval iteration
19,2,seq_1_before_2,512,0,0.0025581587236932412,0.0025581587236932412,0.0025581587236932412,0.002558159865610238,0.0025581598656102393,0.0025581598656102393,0.0,1.3010426069826053e-18,0.0,interval iteration
19,2,seq_2_before_3,512,0,0.0,0.0,0.0,0.0,0.0,0.0,0.0,0.0,0.0,interval iteration
19,2,complete_sequence,512,0,0.0,0.0,0.0,0.0,0.0,0.0,0.0,0.0,0.0,interval iteration
19,2,avoid_moving_seg1,512,0,0.004138957630459017,0.004138957630459128,0.004138957630459128,0.0041379311932892016,0.0041379311932892016,0.0041379311932892016,1.1102230246251565e-16,0.0,0.0,interval iteration
19,2,avoid_moving_seg2,512,0,0.9965891331200191,0.9965891331200191,0.9965891331200191,0.9965891318496127,0.9965891318496127,0.9965891318496127,0.0,0.0,0.0,interval iteration
19,2,avoid_moving_seg3,512,0,1.0,1.0,1.0,1.0,1.0,1.0,0.0,0.0,0.0,interval iteration
19,3,goal1,512,0,0.0034108668799809503,0.0034108668799809503,0.0034108668799809503,0.003410868150387246,0.003410868150387247,0.003410868150387247,0.0,8.673617379884035e-19,0.0,interval iteration
19,3,goal2,512,0,0.028209379166195883,0.028209379166195883,0.028209379166195883,0.02820937963643952,0.02820937963643952,0.02820937963643952,0.0,0.0,0.0,interval iteration
19,3,goal3,512,0,0.28338742563847774,0.28338742563847774,0.28338742563847774,0.28338744871208865,0.28338744871208865,0.28338744871208865,0.0,0.0,0.0,interval iteration
19,3,seq_1_before_2,512,0,0.0025581587236932412,0.0025581587236932412,0.0025581587236932412,0.002558159865610238,0.0025581598656102393,0.0025581598656102393,0.0,1.3010426069826053e-18,0.0,interval iteration
19,3,seq_2_before_3,512,0,0.0,0.0,0.0,0.0,0.0,0.0,0.0,0.0,0.0,interval iteration
19,3,complete_sequence,512,0,0.0,0.0,0.0,0.0,0.0,0.0,0.0,0.0,0.0,interval iteration
19,3,avoid_moving_seg1,512,0,0.004138957630459017,0.004138957630459128,0.004138957630459128,0.0041379311932892016,0.0041379311932892016,0.0041379311932892016,1.1102230246251565e-16,0.0,0.0,interval iteration
19,3,avoid_moving_seg2,512,0,0.9965891331200191,0.9965891331200191,0.9965891331200191,0.9965891318496127,0.9965891318496127,0.9965891318496127,0.0,0.0,0.0,interval iteration
19,3,avoid_moving_seg3,512,0,1.0,1.0,1.0,1.0,1.0,1.0,0.0,0.0,0.0,interval iteration
19,4,goal1,512,0,0.0034108668799809503,0.0034108668799809503,0.0034108668799809503,0.003410868150387246,0.003410868150387247,0.003410868150387247,0.0,8.673617379884035e-19,0.0,interval iteration
19,4,goal2,512,0,0.028209379166195883,0.028209379166195883,0.028209379166195883,0.02820937963643952,0.02820937963643952,0.02820937963643952,0.0,0.0,0.0,interval iteration
19,4,goal3,512,0,0.28338742563847774,0.28338742563847774,0.28338742563847774,0.28338744871208865,0.28338744871208865,0.28338744871208865,0.0,0.0,0.0,interval iteration
19,4,seq_1_before_2,512,0,0.0025581587236932412,0.0025581587236932412,0.0025581587236932412,0.002558159865610238,0.0025581598656102393,0.0025581598656102393,0.0,1.3010426069826053e-18,0.0,interval iteration
19,4,seq_2_before_3,512,0,0.0,0.0,0.0,0.0,0.0,0.0,0.0,0.0,0.0,interval iteration
19,4,complete_sequence,512,0,0.0,0.0,0.0,0.0,0.0,0.0,0.0,0.0,0.0,interval iteration
19,4,avoid_moving_seg1,512,0,0.004138957630459017,0.004138957630459128,0.004138957630459128,0.0041379311932892016,0.0041379311932892016,0.0041379311932892016,1.1102230246251565e-16,0.0,0.0,interval iteration
19,4,avoid_moving_seg2,512,0,0.9965891331200191,0.9965891331200191,0.9965891331200191,0.9965891318496127,0.9965891318496127,0.9965891318496127,0.0,0.0,0.0,interval iteration
19,4,avoid_moving_seg3,512,0,1.0,1.0,1.0,1.0,1.0,1.0,0.0,0.0,0.0,interval iteration
19,5,goal1,512,0,0.0034108668799809503,0.0034108668799809503,0.0034108668799809503,0.003410868150387246,0.003410868150387247,0.003410868150387247,0.0,8.673617379884035e-19,0.0,interval iteration
19,5,goal2,512,0,0.028209379166195883,0.028209379166195883,0.028209379166195883,0.02820937963643952,0.02820937963643952,0.02820937963643952,0.0,0.0,0.0,interval iteration
19,5,goal3,512,0,0.28338742563847774,0.28338742563847774,0.28338742563847774,0.28338744871208865,0.28338744871208865,0.28338744871208865,0.0,0.0,0.0,interval iteration
19,5,seq_1_before_2,512,0,0.0025581587236932412,0.0025581587236932412,0.0025581587236932412,0.002558159865610238,0.0025581598656102393,0.0025581598656102393,0.0,1.3010426069826053e-18,0.0,interval iteration
19,5,seq_2_before_3,512,0,0.0,0.0,0.0,0.0,0.0,0.0,0.0,0.0,0.0,interval iteration
19,5,complete_sequence,512,0,0.0,0.0,0.0,0.0,0.0,0.0,0.0,0.0,0.0,interval iteration
19,5,avoid_moving_seg1,512,0,0.004138957630459017,0.004138957630459128,0.004138957630459128,0.0041379311932892016,0.0041379311932892016,0.0041379311932892016,1.1102230246251565e-16,0.0,0.0,interval iteration
19,5,avoid_moving_seg2,512,0,0.9965891331200191,0.9965891331200191,0.9965891331200191,0.9965891318496127,0.9965891318496127,0.9965891318496127,0.0,0.0,0.0,interval iteration
19,5,avoid_moving_seg3,512,0,1.0,1.0,1.0,1.0,1.0,1.0,0.0,0.0,0.0,interval iteration
